timestamp,Sample rate,Time,HR (bpm),Speed (km/h),Pace (min/km),Cadence,Altitude (m),Stride length (m),Distances (m),Temperatures (C),Power (W),Unnamed: 11,Name,Sport,Date,Start time,Duration,Total distance (km),Average heart rate (bpm),Average speed (km/h),Max speed (km/h),Average pace (min/km),Max pace (min/km),Calories,Fat percentage of calories(%),Average cadence (rpm),Average stride length (cm),Running index,Training load,Ascent (m),Descent (m),Average power (W),Max power (W),Notes,Height (cm),Weight (kg),HR max,HR sit,VO2max,Unnamed: 27,Baseline,HR_spline,HR_linear,RR_intervals,Baseline_RMSSD,RMSSD,Stress_Flag
2023-06-28 14:45:15,,,113.0,,,,,,,,,,,,,,,,,,,,,,,,,,,,,,,,,,,,,,1,113.0,113.0,530.9734513274336,"(3.910260993246169, 0.7698336750110771)",3.626369661988989,mediumseagreen
2023-06-28 14:45:16,,,113.0,,,,,,,,,,,,,,,,,,,,,,,,,,,,,,,,,,,,,,1,113.0,113.0,530.9734513274336,"(3.910260993246169, 0.7698336750110771)",3.626369661988989,mediumseagreen
2023-06-28 14:45:17,,,113.0,,,,,,,,,,,,,,,,,,,,,,,,,,,,,,,,,,,,,,1,113.0,113.0,530.9734513274336,"(3.910260993246169, 0.7698336750110771)",3.626369661988989,mediumseagreen
2023-06-28 14:45:18,,,113.0,,,,,,,,,,,,,,,,,,,,,,,,,,,,,,,,,,,,,,1,113.0,113.0,530.9734513274336,"(3.910260993246169, 0.7698336750110771)",3.626369661988989,mediumseagreen
2023-06-28 14:45:19,,,112.0,,,,,,,,,,,,,,,,,,,,,,,,,,,,,,,,,,,,,,1,112.0,112.0,535.7142857142857,"(3.910260993246169, 0.7698336750110771)",3.626369661988989,mediumseagreen
2023-06-28 14:45:20,,,111.0,,,,,,,,,,,,,,,,,,,,,,,,,,,,,,,,,,,,,,1,111.0,111.0,540.5405405405405,"(3.910260993246169, 0.7698336750110771)",3.626369661988989,mediumseagreen
2023-06-28 14:45:21,,,110.0,,,,,,,,,,,,,,,,,,,,,,,,,,,,,,,,,,,,,,1,110.0,110.0,545.4545454545455,"(3.910260993246169, 0.7698336750110771)",3.626369661988989,mediumseagreen
2023-06-28 14:45:22,,,110.0,,,,,,,,,,,,,,,,,,,,,,,,,,,,,,,,,,,,,,1,110.0,110.0,545.4545454545455,"(3.910260993246169, 0.7698336750110771)",3.626369661988989,mediumseagreen
2023-06-28 14:45:23,,,109.0,,,,,,,,,,,,,,,,,,,,,,,,,,,,,,,,,,,,,,1,109.0,109.0,550.4587155963303,"(3.910260993246169, 0.7698336750110771)",3.626369661988989,mediumseagreen
2023-06-28 14:45:24,,,108.0,,,,,,,,,,,,,,,,,,,,,,,,,,,,,,,,,,,,,,1,108.0,108.0,555.5555555555555,"(3.910260993246169, 0.7698336750110771)",3.626369661988989,mediumseagreen
2023-06-28 14:45:25,,,107.0,,,,,,,,,,,,,,,,,,,,,,,,,,,,,,,,,,,,,,1,107.0,107.0,560.7476635514018,"(3.910260993246169, 0.7698336750110771)",3.626369661988989,mediumseagreen
2023-06-28 14:45:26,,,107.0,,,,,,,,,,,,,,,,,,,,,,,,,,,,,,,,,,,,,,1,107.0,107.0,560.7476635514018,"(3.910260993246169, 0.7698336750110771)",3.626369661988989,mediumseagreen
2023-06-28 14:45:27,,,107.0,,,,,,,,,,,,,,,,,,,,,,,,,,,,,,,,,,,,,,1,107.0,107.0,560.7476635514018,"(3.910260993246169, 0.7698336750110771)",3.626369661988989,mediumseagreen
2023-06-28 14:45:28,,,107.0,,,,,,,,,,,,,,,,,,,,,,,,,,,,,,,,,,,,,,1,107.0,107.0,560.7476635514018,"(3.910260993246169, 0.7698336750110771)",3.626369661988989,mediumseagreen
2023-06-28 14:45:29,,,107.0,,,,,,,,,,,,,,,,,,,,,,,,,,,,,,,,,,,,,,1,107.0,107.0,560.7476635514018,"(3.910260993246169, 0.7698336750110771)",3.626369661988989,mediumseagreen
2023-06-28 14:45:30,,,107.0,,,,,,,,,,,,,,,,,,,,,,,,,,,,,,,,,,,,,,1,107.0,107.0,560.7476635514018,"(3.910260993246169, 0.7698336750110771)",3.626369661988989,mediumseagreen
2023-06-28 14:45:31,,,107.0,,,,,,,,,,,,,,,,,,,,,,,,,,,,,,,,,,,,,,1,107.0,107.0,560.7476635514018,"(3.910260993246169, 0.7698336750110771)",3.626369661988989,mediumseagreen
2023-06-28 14:45:32,,,106.0,,,,,,,,,,,,,,,,,,,,,,,,,,,,,,,,,,,,,,1,106.0,106.0,566.0377358490566,"(3.910260993246169, 0.7698336750110771)",3.626369661988989,mediumseagreen
2023-06-28 14:45:33,,,106.0,,,,,,,,,,,,,,,,,,,,,,,,,,,,,,,,,,,,,,1,106.0,106.0,566.0377358490566,"(3.910260993246169, 0.7698336750110771)",3.626369661988989,mediumseagreen
2023-06-28 14:45:34,,,106.0,,,,,,,,,,,,,,,,,,,,,,,,,,,,,,,,,,,,,,1,106.0,106.0,566.0377358490566,"(3.910260993246169, 0.7698336750110771)",3.626369661988989,mediumseagreen
2023-06-28 14:45:35,,,106.0,,,,,,,,,,,,,,,,,,,,,,,,,,,,,,,,,,,,,,1,106.0,106.0,566.0377358490566,"(3.910260993246169, 0.7698336750110771)",3.626369661988989,mediumseagreen
2023-06-28 14:45:36,,,106.0,,,,,,,,,,,,,,,,,,,,,,,,,,,,,,,,,,,,,,1,106.0,106.0,566.0377358490566,"(3.910260993246169, 0.7698336750110771)",3.626369661988989,mediumseagreen
2023-06-28 14:45:37,,,107.0,,,,,,,,,,,,,,,,,,,,,,,,,,,,,,,,,,,,,,1,107.0,107.0,560.7476635514018,"(3.910260993246169, 0.7698336750110771)",3.626369661988989,mediumseagreen
2023-06-28 14:45:38,,,108.0,,,,,,,,,,,,,,,,,,,,,,,,,,,,,,,,,,,,,,1,108.0,108.0,555.5555555555555,"(3.910260993246169, 0.7698336750110771)",3.626369661988989,mediumseagreen
2023-06-28 14:45:39,,,108.0,,,,,,,,,,,,,,,,,,,,,,,,,,,,,,,,,,,,,,1,108.0,108.0,555.5555555555555,"(3.910260993246169, 0.7698336750110771)",3.626369661988989,mediumseagreen
2023-06-28 14:45:40,,,108.0,,,,,,,,,,,,,,,,,,,,,,,,,,,,,,,,,,,,,,1,108.0,108.0,555.5555555555555,"(3.910260993246169, 0.7698336750110771)",3.626369661988989,mediumseagreen
2023-06-28 14:45:41,,,108.0,,,,,,,,,,,,,,,,,,,,,,,,,,,,,,,,,,,,,,1,108.0,108.0,555.5555555555555,"(3.910260993246169, 0.7698336750110771)",3.626369661988989,mediumseagreen
2023-06-28 14:45:42,,,108.0,,,,,,,,,,,,,,,,,,,,,,,,,,,,,,,,,,,,,,1,108.0,108.0,555.5555555555555,"(3.910260993246169, 0.7698336750110771)",3.626369661988989,mediumseagreen
2023-06-28 14:45:43,,,108.0,,,,,,,,,,,,,,,,,,,,,,,,,,,,,,,,,,,,,,1,108.0,108.0,555.5555555555555,"(3.910260993246169, 0.7698336750110771)",3.626369661988989,mediumseagreen
2023-06-28 14:45:44,,,108.0,,,,,,,,,,,,,,,,,,,,,,,,,,,,,,,,,,,,,,1,108.0,108.0,555.5555555555555,"(3.910260993246169, 0.7698336750110771)",3.626369661988989,mediumseagreen
2023-06-28 14:45:45,,,107.0,,,,,,,,,,,,,,,,,,,,,,,,,,,,,,,,,,,,,,1,107.0,107.0,560.7476635514018,"(3.910260993246169, 0.7698336750110771)",3.800182997540349,mediumseagreen
2023-06-28 14:45:46,,,107.0,,,,,,,,,,,,,,,,,,,,,,,,,,,,,,,,,,,,,,1,107.0,107.0,560.7476635514018,"(3.910260993246169, 0.7698336750110771)",3.800182997540349,mediumseagreen
2023-06-28 14:45:47,,,107.0,,,,,,,,,,,,,,,,,,,,,,,,,,,,,,,,,,,,,,1,107.0,107.0,560.7476635514018,"(3.910260993246169, 0.7698336750110771)",3.800182997540349,mediumseagreen
2023-06-28 14:45:48,,,107.0,,,,,,,,,,,,,,,,,,,,,,,,,,,,,,,,,,,,,,1,107.0,107.0,560.7476635514018,"(3.910260993246169, 0.7698336750110771)",3.800182997540349,mediumseagreen
2023-06-28 14:45:49,,,106.0,,,,,,,,,,,,,,,,,,,,,,,,,,,,,,,,,,,,,,1,106.0,106.0,566.0377358490566,"(3.910260993246169, 0.7698336750110771)",3.800182997540349,mediumseagreen
2023-06-28 14:45:50,,,105.0,,,,,,,,,,,,,,,,,,,,,,,,,,,,,,,,,,,,,,1,105.0,105.0,571.4285714285714,"(3.910260993246169, 0.7698336750110771)",3.800182997540349,mediumseagreen
2023-06-28 14:45:51,,,104.0,,,,,,,,,,,,,,,,,,,,,,,,,,,,,,,,,,,,,,1,104.0,104.0,576.9230769230769,"(3.910260993246169, 0.7698336750110771)",3.800182997540349,mediumseagreen
2023-06-28 14:45:52,,,104.0,,,,,,,,,,,,,,,,,,,,,,,,,,,,,,,,,,,,,,1,104.0,104.0,576.9230769230769,"(3.910260993246169, 0.7698336750110771)",3.800182997540349,mediumseagreen
2023-06-28 14:45:53,,,103.0,,,,,,,,,,,,,,,,,,,,,,,,,,,,,,,,,,,,,,1,103.0,103.0,582.5242718446602,"(3.910260993246169, 0.7698336750110771)",3.800182997540349,mediumseagreen
2023-06-28 14:45:54,,,101.0,,,,,,,,,,,,,,,,,,,,,,,,,,,,,,,,,,,,,,1,101.0,101.0,594.059405940594,"(3.910260993246169, 0.7698336750110771)",3.800182997540349,mediumseagreen
2023-06-28 14:45:55,,,101.0,,,,,,,,,,,,,,,,,,,,,,,,,,,,,,,,,,,,,,1,101.0,101.0,594.059405940594,"(3.910260993246169, 0.7698336750110771)",3.800182997540349,mediumseagreen
2023-06-28 14:45:56,,,101.0,,,,,,,,,,,,,,,,,,,,,,,,,,,,,,,,,,,,,,1,101.0,101.0,594.059405940594,"(3.910260993246169, 0.7698336750110771)",3.800182997540349,mediumseagreen
2023-06-28 14:45:57,,,100.0,,,,,,,,,,,,,,,,,,,,,,,,,,,,,,,,,,,,,,1,100.0,100.0,600.0,"(3.910260993246169, 0.7698336750110771)",3.800182997540349,mediumseagreen
2023-06-28 14:45:58,,,99.0,,,,,,,,,,,,,,,,,,,,,,,,,,,,,,,,,,,,,,1,99.0,99.0,606.060606060606,"(3.910260993246169, 0.7698336750110771)",3.800182997540349,mediumseagreen
2023-06-28 14:45:59,,,98.0,,,,,,,,,,,,,,,,,,,,,,,,,,,,,,,,,,,,,,1,98.0,98.0,612.2448979591836,"(3.910260993246169, 0.7698336750110771)",3.800182997540349,mediumseagreen
2023-06-28 14:46:00,,,97.0,,,,,,,,,,,,,,,,,,,,,,,,,,,,,,,,,,,,,,1,97.0,97.0,618.5567010309278,"(3.910260993246169, 0.7698336750110771)",3.800182997540349,mediumseagreen
2023-06-28 14:46:01,,,97.0,,,,,,,,,,,,,,,,,,,,,,,,,,,,,,,,,,,,,,1,97.0,97.0,618.5567010309278,"(3.910260993246169, 0.7698336750110771)",3.800182997540349,mediumseagreen
2023-06-28 14:46:02,,,97.0,,,,,,,,,,,,,,,,,,,,,,,,,,,,,,,,,,,,,,1,97.0,97.0,618.5567010309278,"(3.910260993246169, 0.7698336750110771)",3.800182997540349,mediumseagreen
2023-06-28 14:46:03,,,97.0,,,,,,,,,,,,,,,,,,,,,,,,,,,,,,,,,,,,,,1,97.0,97.0,618.5567010309278,"(3.910260993246169, 0.7698336750110771)",3.800182997540349,mediumseagreen
2023-06-28 14:46:04,,,97.0,,,,,,,,,,,,,,,,,,,,,,,,,,,,,,,,,,,,,,1,97.0,97.0,618.5567010309278,"(3.910260993246169, 0.7698336750110771)",3.800182997540349,mediumseagreen
2023-06-28 14:46:05,,,97.0,,,,,,,,,,,,,,,,,,,,,,,,,,,,,,,,,,,,,,1,97.0,97.0,618.5567010309278,"(3.910260993246169, 0.7698336750110771)",3.800182997540349,mediumseagreen
2023-06-28 14:46:06,,,97.0,,,,,,,,,,,,,,,,,,,,,,,,,,,,,,,,,,,,,,1,97.0,97.0,618.5567010309278,"(3.910260993246169, 0.7698336750110771)",3.800182997540349,mediumseagreen
2023-06-28 14:46:07,,,97.0,,,,,,,,,,,,,,,,,,,,,,,,,,,,,,,,,,,,,,1,97.0,97.0,618.5567010309278,"(3.910260993246169, 0.7698336750110771)",3.800182997540349,mediumseagreen
2023-06-28 14:46:08,,,98.0,,,,,,,,,,,,,,,,,,,,,,,,,,,,,,,,,,,,,,1,98.0,98.0,612.2448979591836,"(3.910260993246169, 0.7698336750110771)",3.800182997540349,mediumseagreen
2023-06-28 14:46:09,,,98.0,,,,,,,,,,,,,,,,,,,,,,,,,,,,,,,,,,,,,,1,98.0,98.0,612.2448979591836,"(3.910260993246169, 0.7698336750110771)",3.800182997540349,mediumseagreen
2023-06-28 14:46:10,,,99.0,,,,,,,,,,,,,,,,,,,,,,,,,,,,,,,,,,,,,,1,99.0,99.0,606.060606060606,"(3.910260993246169, 0.7698336750110771)",3.800182997540349,mediumseagreen
2023-06-28 14:46:11,,,99.0,,,,,,,,,,,,,,,,,,,,,,,,,,,,,,,,,,,,,,1,99.0,99.0,606.060606060606,"(3.910260993246169, 0.7698336750110771)",3.800182997540349,mediumseagreen
2023-06-28 14:46:12,,,99.0,,,,,,,,,,,,,,,,,,,,,,,,,,,,,,,,,,,,,,1,99.0,99.0,606.060606060606,"(3.910260993246169, 0.7698336750110771)",3.800182997540349,mediumseagreen
2023-06-28 14:46:13,,,98.0,,,,,,,,,,,,,,,,,,,,,,,,,,,,,,,,,,,,,,1,98.0,98.0,612.2448979591836,"(3.910260993246169, 0.7698336750110771)",3.800182997540349,mediumseagreen
2023-06-28 14:46:14,,,98.0,,,,,,,,,,,,,,,,,,,,,,,,,,,,,,,,,,,,,,1,98.0,98.0,612.2448979591836,"(3.910260993246169, 0.7698336750110771)",3.800182997540349,mediumseagreen
2023-06-28 14:46:15,,,97.0,,,,,,,,,,,,,,,,,,,,,,,,,,,,,,,,,,,,,,1,97.0,97.0,618.5567010309278,"(3.910260993246169, 0.7698336750110771)",3.9525912586924825,mediumseagreen
2023-06-28 14:46:16,,,97.0,,,,,,,,,,,,,,,,,,,,,,,,,,,,,,,,,,,,,,1,97.0,97.0,618.5567010309278,"(3.910260993246169, 0.7698336750110771)",3.9525912586924825,mediumseagreen
2023-06-28 14:46:17,,,96.0,,,,,,,,,,,,,,,,,,,,,,,,,,,,,,,,,,,,,,1,96.0,96.0,625.0,"(3.910260993246169, 0.7698336750110771)",3.9525912586924825,mediumseagreen
2023-06-28 14:46:18,,,95.0,,,,,,,,,,,,,,,,,,,,,,,,,,,,,,,,,,,,,,1,95.0,95.0,631.578947368421,"(3.910260993246169, 0.7698336750110771)",3.9525912586924825,mediumseagreen
2023-06-28 14:46:19,,,95.0,,,,,,,,,,,,,,,,,,,,,,,,,,,,,,,,,,,,,,1,95.0,95.0,631.578947368421,"(3.910260993246169, 0.7698336750110771)",3.9525912586924825,mediumseagreen
2023-06-28 14:46:20,,,95.0,,,,,,,,,,,,,,,,,,,,,,,,,,,,,,,,,,,,,,1,95.0,95.0,631.578947368421,"(3.910260993246169, 0.7698336750110771)",3.9525912586924825,mediumseagreen
2023-06-28 14:46:21,,,96.0,,,,,,,,,,,,,,,,,,,,,,,,,,,,,,,,,,,,,,1,96.0,96.0,625.0,"(3.910260993246169, 0.7698336750110771)",3.9525912586924825,mediumseagreen
2023-06-28 14:46:22,,,96.0,,,,,,,,,,,,,,,,,,,,,,,,,,,,,,,,,,,,,,1,96.0,96.0,625.0,"(3.910260993246169, 0.7698336750110771)",3.9525912586924825,mediumseagreen
2023-06-28 14:46:23,,,96.0,,,,,,,,,,,,,,,,,,,,,,,,,,,,,,,,,,,,,,1,96.0,96.0,625.0,"(3.910260993246169, 0.7698336750110771)",3.9525912586924825,mediumseagreen
2023-06-28 14:46:24,,,96.0,,,,,,,,,,,,,,,,,,,,,,,,,,,,,,,,,,,,,,1,96.0,96.0,625.0,"(3.910260993246169, 0.7698336750110771)",3.9525912586924825,mediumseagreen
2023-06-28 14:46:25,,,97.0,,,,,,,,,,,,,,,,,,,,,,,,,,,,,,,,,,,,,,1,97.0,97.0,618.5567010309278,"(3.910260993246169, 0.7698336750110771)",3.9525912586924825,mediumseagreen
2023-06-28 14:46:26,,,97.0,,,,,,,,,,,,,,,,,,,,,,,,,,,,,,,,,,,,,,1,97.0,97.0,618.5567010309278,"(3.910260993246169, 0.7698336750110771)",3.9525912586924825,mediumseagreen
2023-06-28 14:46:27,,,98.0,,,,,,,,,,,,,,,,,,,,,,,,,,,,,,,,,,,,,,1,98.0,98.0,612.2448979591836,"(3.910260993246169, 0.7698336750110771)",3.9525912586924825,mediumseagreen
2023-06-28 14:46:28,,,98.0,,,,,,,,,,,,,,,,,,,,,,,,,,,,,,,,,,,,,,1,98.0,98.0,612.2448979591836,"(3.910260993246169, 0.7698336750110771)",3.9525912586924825,mediumseagreen
2023-06-28 14:46:29,,,98.0,,,,,,,,,,,,,,,,,,,,,,,,,,,,,,,,,,,,,,1,98.0,98.0,612.2448979591836,"(3.910260993246169, 0.7698336750110771)",3.9525912586924825,mediumseagreen
2023-06-28 14:46:30,,,98.0,,,,,,,,,,,,,,,,,,,,,,,,,,,,,,,,,,,,,,1,98.0,98.0,612.2448979591836,"(3.910260993246169, 0.7698336750110771)",3.9525912586924825,mediumseagreen
2023-06-28 14:46:31,,,98.0,,,,,,,,,,,,,,,,,,,,,,,,,,,,,,,,,,,,,,1,98.0,98.0,612.2448979591836,"(3.910260993246169, 0.7698336750110771)",3.9525912586924825,mediumseagreen
2023-06-28 14:46:32,,,97.0,,,,,,,,,,,,,,,,,,,,,,,,,,,,,,,,,,,,,,1,97.0,97.0,618.5567010309278,"(3.910260993246169, 0.7698336750110771)",3.9525912586924825,mediumseagreen
2023-06-28 14:46:33,,,97.0,,,,,,,,,,,,,,,,,,,,,,,,,,,,,,,,,,,,,,1,97.0,97.0,618.5567010309278,"(3.910260993246169, 0.7698336750110771)",3.9525912586924825,mediumseagreen
2023-06-28 14:46:34,,,96.0,,,,,,,,,,,,,,,,,,,,,,,,,,,,,,,,,,,,,,1,96.0,96.0,625.0,"(3.910260993246169, 0.7698336750110771)",3.9525912586924825,mediumseagreen
2023-06-28 14:46:35,,,96.0,,,,,,,,,,,,,,,,,,,,,,,,,,,,,,,,,,,,,,1,96.0,96.0,625.0,"(3.910260993246169, 0.7698336750110771)",3.9525912586924825,mediumseagreen
2023-06-28 14:46:36,,,96.0,,,,,,,,,,,,,,,,,,,,,,,,,,,,,,,,,,,,,,1,96.0,96.0,625.0,"(3.910260993246169, 0.7698336750110771)",3.9525912586924825,mediumseagreen
2023-06-28 14:46:37,,,96.0,,,,,,,,,,,,,,,,,,,,,,,,,,,,,,,,,,,,,,1,96.0,96.0,625.0,"(3.910260993246169, 0.7698336750110771)",3.9525912586924825,mediumseagreen
2023-06-28 14:46:38,,,96.0,,,,,,,,,,,,,,,,,,,,,,,,,,,,,,,,,,,,,,1,96.0,96.0,625.0,"(3.910260993246169, 0.7698336750110771)",3.9525912586924825,mediumseagreen
2023-06-28 14:46:39,,,97.0,,,,,,,,,,,,,,,,,,,,,,,,,,,,,,,,,,,,,,1,97.0,97.0,618.5567010309278,"(3.910260993246169, 0.7698336750110771)",3.9525912586924825,mediumseagreen
2023-06-28 14:46:40,,,97.0,,,,,,,,,,,,,,,,,,,,,,,,,,,,,,,,,,,,,,1,97.0,97.0,618.5567010309278,"(3.910260993246169, 0.7698336750110771)",3.9525912586924825,mediumseagreen
2023-06-28 14:46:41,,,97.0,,,,,,,,,,,,,,,,,,,,,,,,,,,,,,,,,,,,,,1,97.0,97.0,618.5567010309278,"(3.910260993246169, 0.7698336750110771)",3.9525912586924825,mediumseagreen
2023-06-28 14:46:42,,,97.0,,,,,,,,,,,,,,,,,,,,,,,,,,,,,,,,,,,,,,1,97.0,97.0,618.5567010309278,"(3.910260993246169, 0.7698336750110771)",3.9525912586924825,mediumseagreen
2023-06-28 14:46:43,,,97.0,,,,,,,,,,,,,,,,,,,,,,,,,,,,,,,,,,,,,,1,97.0,97.0,618.5567010309278,"(3.910260993246169, 0.7698336750110771)",3.9525912586924825,mediumseagreen
2023-06-28 14:46:44,,,96.0,,,,,,,,,,,,,,,,,,,,,,,,,,,,,,,,,,,,,,1,96.0,96.0,625.0,"(3.910260993246169, 0.7698336750110771)",3.9525912586924825,mediumseagreen
2023-06-28 14:46:45,,,96.0,,,,,,,,,,,,,,,,,,,,,,,,,,,,,,,,,,,,,,1,96.0,96.0,625.0,"(3.910260993246169, 0.7698336750110771)",3.8825807452924597,mediumseagreen
2023-06-28 14:46:46,,,96.0,,,,,,,,,,,,,,,,,,,,,,,,,,,,,,,,,,,,,,1,96.0,96.0,625.0,"(3.910260993246169, 0.7698336750110771)",3.8825807452924597,mediumseagreen
2023-06-28 14:46:47,,,96.0,,,,,,,,,,,,,,,,,,,,,,,,,,,,,,,,,,,,,,1,96.0,96.0,625.0,"(3.910260993246169, 0.7698336750110771)",3.8825807452924597,mediumseagreen
2023-06-28 14:46:48,,,96.0,,,,,,,,,,,,,,,,,,,,,,,,,,,,,,,,,,,,,,1,96.0,96.0,625.0,"(3.910260993246169, 0.7698336750110771)",3.8825807452924597,mediumseagreen
2023-06-28 14:46:49,,,98.0,,,,,,,,,,,,,,,,,,,,,,,,,,,,,,,,,,,,,,1,98.0,98.0,612.2448979591836,"(3.910260993246169, 0.7698336750110771)",3.8825807452924597,mediumseagreen
2023-06-28 14:46:50,,,99.0,,,,,,,,,,,,,,,,,,,,,,,,,,,,,,,,,,,,,,1,99.0,99.0,606.060606060606,"(3.910260993246169, 0.7698336750110771)",3.8825807452924597,mediumseagreen
2023-06-28 14:46:51,,,100.0,,,,,,,,,,,,,,,,,,,,,,,,,,,,,,,,,,,,,,1,100.0,100.0,600.0,"(3.910260993246169, 0.7698336750110771)",3.8825807452924597,mediumseagreen
2023-06-28 14:46:52,,,102.0,,,,,,,,,,,,,,,,,,,,,,,,,,,,,,,,,,,,,,1,102.0,102.0,588.2352941176471,"(3.910260993246169, 0.7698336750110771)",3.8825807452924597,mediumseagreen
2023-06-28 14:46:53,,,102.0,,,,,,,,,,,,,,,,,,,,,,,,,,,,,,,,,,,,,,1,102.0,102.0,588.2352941176471,"(3.910260993246169, 0.7698336750110771)",3.8825807452924597,mediumseagreen
2023-06-28 14:46:54,,,102.0,,,,,,,,,,,,,,,,,,,,,,,,,,,,,,,,,,,,,,1,102.0,102.0,588.2352941176471,"(3.910260993246169, 0.7698336750110771)",3.8825807452924597,mediumseagreen
2023-06-28 14:46:55,,,103.0,,,,,,,,,,,,,,,,,,,,,,,,,,,,,,,,,,,,,,1,103.0,103.0,582.5242718446602,"(3.910260993246169, 0.7698336750110771)",3.8825807452924597,mediumseagreen
2023-06-28 14:46:56,,,103.0,,,,,,,,,,,,,,,,,,,,,,,,,,,,,,,,,,,,,,1,103.0,103.0,582.5242718446602,"(3.910260993246169, 0.7698336750110771)",3.8825807452924597,mediumseagreen
2023-06-28 14:46:57,,,103.0,,,,,,,,,,,,,,,,,,,,,,,,,,,,,,,,,,,,,,1,103.0,103.0,582.5242718446602,"(3.910260993246169, 0.7698336750110771)",3.8825807452924597,mediumseagreen
2023-06-28 14:46:58,,,104.0,,,,,,,,,,,,,,,,,,,,,,,,,,,,,,,,,,,,,,1,104.0,104.0,576.9230769230769,"(3.910260993246169, 0.7698336750110771)",3.8825807452924597,mediumseagreen
2023-06-28 14:46:59,,,104.0,,,,,,,,,,,,,,,,,,,,,,,,,,,,,,,,,,,,,,1,104.0,104.0,576.9230769230769,"(3.910260993246169, 0.7698336750110771)",3.8825807452924597,mediumseagreen
2023-06-28 14:47:00,,,104.0,,,,,,,,,,,,,,,,,,,,,,,,,,,,,,,,,,,,,,1,104.0,104.0,576.9230769230769,"(3.910260993246169, 0.7698336750110771)",3.8825807452924597,mediumseagreen
2023-06-28 14:47:01,,,104.0,,,,,,,,,,,,,,,,,,,,,,,,,,,,,,,,,,,,,,1,104.0,104.0,576.9230769230769,"(3.910260993246169, 0.7698336750110771)",3.8825807452924597,mediumseagreen
2023-06-28 14:47:02,,,104.0,,,,,,,,,,,,,,,,,,,,,,,,,,,,,,,,,,,,,,1,104.0,104.0,576.9230769230769,"(3.910260993246169, 0.7698336750110771)",3.8825807452924597,mediumseagreen
2023-06-28 14:47:03,,,104.0,,,,,,,,,,,,,,,,,,,,,,,,,,,,,,,,,,,,,,1,104.0,104.0,576.9230769230769,"(3.910260993246169, 0.7698336750110771)",3.8825807452924597,mediumseagreen
2023-06-28 14:47:04,,,104.0,,,,,,,,,,,,,,,,,,,,,,,,,,,,,,,,,,,,,,1,104.0,104.0,576.9230769230769,"(3.910260993246169, 0.7698336750110771)",3.8825807452924597,mediumseagreen
2023-06-28 14:47:05,,,103.0,,,,,,,,,,,,,,,,,,,,,,,,,,,,,,,,,,,,,,1,103.0,103.0,582.5242718446602,"(3.910260993246169, 0.7698336750110771)",3.8825807452924597,mediumseagreen
2023-06-28 14:47:06,,,103.0,,,,,,,,,,,,,,,,,,,,,,,,,,,,,,,,,,,,,,1,103.0,103.0,582.5242718446602,"(3.910260993246169, 0.7698336750110771)",3.8825807452924597,mediumseagreen
2023-06-28 14:47:07,,,102.0,,,,,,,,,,,,,,,,,,,,,,,,,,,,,,,,,,,,,,1,102.0,102.0,588.2352941176471,"(3.910260993246169, 0.7698336750110771)",3.8825807452924597,mediumseagreen
2023-06-28 14:47:08,,,102.0,,,,,,,,,,,,,,,,,,,,,,,,,,,,,,,,,,,,,,1,102.0,102.0,588.2352941176471,"(3.910260993246169, 0.7698336750110771)",3.8825807452924597,mediumseagreen
2023-06-28 14:47:09,,,102.0,,,,,,,,,,,,,,,,,,,,,,,,,,,,,,,,,,,,,,1,102.0,102.0,588.2352941176471,"(3.910260993246169, 0.7698336750110771)",3.8825807452924597,mediumseagreen
2023-06-28 14:47:10,,,102.0,,,,,,,,,,,,,,,,,,,,,,,,,,,,,,,,,,,,,,1,102.0,102.0,588.2352941176471,"(3.910260993246169, 0.7698336750110771)",3.8825807452924597,mediumseagreen
2023-06-28 14:47:11,,,102.0,,,,,,,,,,,,,,,,,,,,,,,,,,,,,,,,,,,,,,1,102.0,102.0,588.2352941176471,"(3.910260993246169, 0.7698336750110771)",3.8825807452924597,mediumseagreen
2023-06-28 14:47:12,,,102.0,,,,,,,,,,,,,,,,,,,,,,,,,,,,,,,,,,,,,,1,102.0,102.0,588.2352941176471,"(3.910260993246169, 0.7698336750110771)",3.8825807452924597,mediumseagreen
2023-06-28 14:47:13,,,101.0,,,,,,,,,,,,,,,,,,,,,,,,,,,,,,,,,,,,,,1,101.0,101.0,594.059405940594,"(3.910260993246169, 0.7698336750110771)",3.8825807452924597,mediumseagreen
2023-06-28 14:47:14,,,101.0,,,,,,,,,,,,,,,,,,,,,,,,,,,,,,,,,,,,,,1,101.0,101.0,594.059405940594,"(3.910260993246169, 0.7698336750110771)",3.8825807452924597,mediumseagreen
2023-06-28 14:47:15,,,101.0,,,,,,,,,,,,,,,,,,,,,,,,,,,,,,,,,,,,,,1,101.0,101.0,594.059405940594,"(3.910260993246169, 0.7698336750110771)",4.207970670768944,mediumseagreen
2023-06-28 14:47:16,,,100.0,,,,,,,,,,,,,,,,,,,,,,,,,,,,,,,,,,,,,,1,100.0,100.0,600.0,"(3.910260993246169, 0.7698336750110771)",4.207970670768944,mediumseagreen
2023-06-28 14:47:17,,,101.0,,,,,,,,,,,,,,,,,,,,,,,,,,,,,,,,,,,,,,1,101.0,101.0,594.059405940594,"(3.910260993246169, 0.7698336750110771)",4.207970670768944,mediumseagreen
2023-06-28 14:47:18,,,101.0,,,,,,,,,,,,,,,,,,,,,,,,,,,,,,,,,,,,,,1,101.0,101.0,594.059405940594,"(3.910260993246169, 0.7698336750110771)",4.207970670768944,mediumseagreen
2023-06-28 14:47:19,,,101.0,,,,,,,,,,,,,,,,,,,,,,,,,,,,,,,,,,,,,,1,101.0,101.0,594.059405940594,"(3.910260993246169, 0.7698336750110771)",4.207970670768944,mediumseagreen
2023-06-28 14:47:20,,,101.0,,,,,,,,,,,,,,,,,,,,,,,,,,,,,,,,,,,,,,1,101.0,101.0,594.059405940594,"(3.910260993246169, 0.7698336750110771)",4.207970670768944,mediumseagreen
2023-06-28 14:47:21,,,100.0,,,,,,,,,,,,,,,,,,,,,,,,,,,,,,,,,,,,,,1,100.0,100.0,600.0,"(3.910260993246169, 0.7698336750110771)",4.207970670768944,mediumseagreen
2023-06-28 14:47:22,,,100.0,,,,,,,,,,,,,,,,,,,,,,,,,,,,,,,,,,,,,,1,100.0,100.0,600.0,"(3.910260993246169, 0.7698336750110771)",4.207970670768944,mediumseagreen
2023-06-28 14:47:23,,,100.0,,,,,,,,,,,,,,,,,,,,,,,,,,,,,,,,,,,,,,1,100.0,100.0,600.0,"(3.910260993246169, 0.7698336750110771)",4.207970670768944,mediumseagreen
2023-06-28 14:47:24,,,100.0,,,,,,,,,,,,,,,,,,,,,,,,,,,,,,,,,,,,,,1,100.0,100.0,600.0,"(3.910260993246169, 0.7698336750110771)",4.207970670768944,mediumseagreen
2023-06-28 14:47:25,,,99.0,,,,,,,,,,,,,,,,,,,,,,,,,,,,,,,,,,,,,,1,99.0,99.0,606.060606060606,"(3.910260993246169, 0.7698336750110771)",4.207970670768944,mediumseagreen
2023-06-28 14:47:26,,,99.0,,,,,,,,,,,,,,,,,,,,,,,,,,,,,,,,,,,,,,1,99.0,99.0,606.060606060606,"(3.910260993246169, 0.7698336750110771)",4.207970670768944,mediumseagreen
2023-06-28 14:47:27,,,98.0,,,,,,,,,,,,,,,,,,,,,,,,,,,,,,,,,,,,,,1,98.0,98.0,612.2448979591836,"(3.910260993246169, 0.7698336750110771)",4.207970670768944,mediumseagreen
2023-06-28 14:47:28,,,98.0,,,,,,,,,,,,,,,,,,,,,,,,,,,,,,,,,,,,,,1,98.0,98.0,612.2448979591836,"(3.910260993246169, 0.7698336750110771)",4.207970670768944,mediumseagreen
2023-06-28 14:47:29,,,98.0,,,,,,,,,,,,,,,,,,,,,,,,,,,,,,,,,,,,,,1,98.0,98.0,612.2448979591836,"(3.910260993246169, 0.7698336750110771)",4.207970670768944,mediumseagreen
2023-06-28 14:47:30,,,98.0,,,,,,,,,,,,,,,,,,,,,,,,,,,,,,,,,,,,,,1,98.0,98.0,612.2448979591836,"(3.910260993246169, 0.7698336750110771)",4.207970670768944,mediumseagreen
2023-06-28 14:47:31,,,99.0,,,,,,,,,,,,,,,,,,,,,,,,,,,,,,,,,,,,,,1,99.0,99.0,606.060606060606,"(3.910260993246169, 0.7698336750110771)",4.207970670768944,mediumseagreen
2023-06-28 14:47:32,,,99.0,,,,,,,,,,,,,,,,,,,,,,,,,,,,,,,,,,,,,,1,99.0,99.0,606.060606060606,"(3.910260993246169, 0.7698336750110771)",4.207970670768944,mediumseagreen
2023-06-28 14:47:33,,,100.0,,,,,,,,,,,,,,,,,,,,,,,,,,,,,,,,,,,,,,1,100.0,100.0,600.0,"(3.910260993246169, 0.7698336750110771)",4.207970670768944,mediumseagreen
2023-06-28 14:47:34,,,100.0,,,,,,,,,,,,,,,,,,,,,,,,,,,,,,,,,,,,,,1,100.0,100.0,600.0,"(3.910260993246169, 0.7698336750110771)",4.207970670768944,mediumseagreen
2023-06-28 14:47:35,,,100.0,,,,,,,,,,,,,,,,,,,,,,,,,,,,,,,,,,,,,,1,100.0,100.0,600.0,"(3.910260993246169, 0.7698336750110771)",4.207970670768944,mediumseagreen
2023-06-28 14:47:36,,,100.0,,,,,,,,,,,,,,,,,,,,,,,,,,,,,,,,,,,,,,1,100.0,100.0,600.0,"(3.910260993246169, 0.7698336750110771)",4.207970670768944,mediumseagreen
2023-06-28 14:47:37,,,100.0,,,,,,,,,,,,,,,,,,,,,,,,,,,,,,,,,,,,,,1,100.0,100.0,600.0,"(3.910260993246169, 0.7698336750110771)",4.207970670768944,mediumseagreen
2023-06-28 14:47:38,,,100.0,,,,,,,,,,,,,,,,,,,,,,,,,,,,,,,,,,,,,,1,100.0,100.0,600.0,"(3.910260993246169, 0.7698336750110771)",4.207970670768944,mediumseagreen
2023-06-28 14:47:39,,,99.0,,,,,,,,,,,,,,,,,,,,,,,,,,,,,,,,,,,,,,1,99.0,99.0,606.060606060606,"(3.910260993246169, 0.7698336750110771)",4.207970670768944,mediumseagreen
2023-06-28 14:47:40,,,99.0,,,,,,,,,,,,,,,,,,,,,,,,,,,,,,,,,,,,,,1,99.0,99.0,606.060606060606,"(3.910260993246169, 0.7698336750110771)",4.207970670768944,mediumseagreen
2023-06-28 14:47:41,,,100.0,,,,,,,,,,,,,,,,,,,,,,,,,,,,,,,,,,,,,,1,100.0,100.0,600.0,"(3.910260993246169, 0.7698336750110771)",4.207970670768944,mediumseagreen
2023-06-28 14:47:42,,,100.0,,,,,,,,,,,,,,,,,,,,,,,,,,,,,,,,,,,,,,1,100.0,100.0,600.0,"(3.910260993246169, 0.7698336750110771)",4.207970670768944,mediumseagreen
2023-06-28 14:47:43,,,100.0,,,,,,,,,,,,,,,,,,,,,,,,,,,,,,,,,,,,,,1,100.0,100.0,600.0,"(3.910260993246169, 0.7698336750110771)",4.207970670768944,mediumseagreen
2023-06-28 14:47:44,,,100.0,,,,,,,,,,,,,,,,,,,,,,,,,,,,,,,,,,,,,,1,100.0,100.0,600.0,"(3.910260993246169, 0.7698336750110771)",4.207970670768944,mediumseagreen
2023-06-28 14:47:45,,,100.0,,,,,,,,,,,,,,,,,,,,,,,,,,,,,,,,,,,,,,1,100.0,100.0,600.0,"(3.910260993246169, 0.7698336750110771)",4.861756216175651,steelblue
2023-06-28 14:47:46,,,100.0,,,,,,,,,,,,,,,,,,,,,,,,,,,,,,,,,,,,,,1,100.0,100.0,600.0,"(3.910260993246169, 0.7698336750110771)",4.861756216175651,steelblue
2023-06-28 14:47:47,,,100.0,,,,,,,,,,,,,,,,,,,,,,,,,,,,,,,,,,,,,,1,100.0,100.0,600.0,"(3.910260993246169, 0.7698336750110771)",4.861756216175651,steelblue
2023-06-28 14:47:48,,,100.0,,,,,,,,,,,,,,,,,,,,,,,,,,,,,,,,,,,,,,1,100.0,100.0,600.0,"(3.910260993246169, 0.7698336750110771)",4.861756216175651,steelblue
2023-06-28 14:47:49,,,100.0,,,,,,,,,,,,,,,,,,,,,,,,,,,,,,,,,,,,,,1,100.0,100.0,600.0,"(3.910260993246169, 0.7698336750110771)",4.861756216175651,steelblue
2023-06-28 14:47:50,,,100.0,,,,,,,,,,,,,,,,,,,,,,,,,,,,,,,,,,,,,,1,100.0,100.0,600.0,"(3.910260993246169, 0.7698336750110771)",4.861756216175651,steelblue
2023-06-28 14:47:51,,,100.0,,,,,,,,,,,,,,,,,,,,,,,,,,,,,,,,,,,,,,1,100.0,100.0,600.0,"(3.910260993246169, 0.7698336750110771)",4.861756216175651,steelblue
2023-06-28 14:47:52,,,100.0,,,,,,,,,,,,,,,,,,,,,,,,,,,,,,,,,,,,,,1,100.0,100.0,600.0,"(3.910260993246169, 0.7698336750110771)",4.861756216175651,steelblue
2023-06-28 14:47:53,,,99.0,,,,,,,,,,,,,,,,,,,,,,,,,,,,,,,,,,,,,,1,99.0,99.0,606.060606060606,"(3.910260993246169, 0.7698336750110771)",4.861756216175651,steelblue
2023-06-28 14:47:54,,,99.0,,,,,,,,,,,,,,,,,,,,,,,,,,,,,,,,,,,,,,1,99.0,99.0,606.060606060606,"(3.910260993246169, 0.7698336750110771)",4.861756216175651,steelblue
2023-06-28 14:47:55,,,98.0,,,,,,,,,,,,,,,,,,,,,,,,,,,,,,,,,,,,,,1,98.0,98.0,612.2448979591836,"(3.910260993246169, 0.7698336750110771)",4.861756216175651,steelblue
2023-06-28 14:47:56,,,96.0,,,,,,,,,,,,,,,,,,,,,,,,,,,,,,,,,,,,,,1,96.0,96.0,625.0,"(3.910260993246169, 0.7698336750110771)",4.861756216175651,steelblue
2023-06-28 14:47:57,,,96.0,,,,,,,,,,,,,,,,,,,,,,,,,,,,,,,,,,,,,,1,96.0,96.0,625.0,"(3.910260993246169, 0.7698336750110771)",4.861756216175651,steelblue
2023-06-28 14:47:58,,,96.0,,,,,,,,,,,,,,,,,,,,,,,,,,,,,,,,,,,,,,1,96.0,96.0,625.0,"(3.910260993246169, 0.7698336750110771)",4.861756216175651,steelblue
2023-06-28 14:47:59,,,95.0,,,,,,,,,,,,,,,,,,,,,,,,,,,,,,,,,,,,,,1,95.0,95.0,631.578947368421,"(3.910260993246169, 0.7698336750110771)",4.861756216175651,steelblue
2023-06-28 14:48:00,,,93.0,,,,,,,,,,,,,,,,,,,,,,,,,,,,,,,,,,,,,,1,93.0,93.0,645.1612903225806,"(3.910260993246169, 0.7698336750110771)",4.861756216175651,steelblue
2023-06-28 14:48:01,,,92.0,,,,,,,,,,,,,,,,,,,,,,,,,,,,,,,,,,,,,,1,92.0,92.0,652.1739130434783,"(3.910260993246169, 0.7698336750110771)",4.861756216175651,steelblue
2023-06-28 14:48:02,,,92.0,,,,,,,,,,,,,,,,,,,,,,,,,,,,,,,,,,,,,,1,92.0,92.0,652.1739130434783,"(3.910260993246169, 0.7698336750110771)",4.861756216175651,steelblue
2023-06-28 14:48:03,,,91.0,,,,,,,,,,,,,,,,,,,,,,,,,,,,,,,,,,,,,,1,91.0,91.0,659.3406593406594,"(3.910260993246169, 0.7698336750110771)",4.861756216175651,steelblue
2023-06-28 14:48:04,,,90.0,,,,,,,,,,,,,,,,,,,,,,,,,,,,,,,,,,,,,,1,90.0,90.0,666.6666666666666,"(3.910260993246169, 0.7698336750110771)",4.861756216175651,steelblue
2023-06-28 14:48:05,,,90.0,,,,,,,,,,,,,,,,,,,,,,,,,,,,,,,,,,,,,,1,90.0,90.0,666.6666666666666,"(3.910260993246169, 0.7698336750110771)",4.861756216175651,steelblue
2023-06-28 14:48:06,,,90.0,,,,,,,,,,,,,,,,,,,,,,,,,,,,,,,,,,,,,,1,90.0,90.0,666.6666666666666,"(3.910260993246169, 0.7698336750110771)",4.861756216175651,steelblue
2023-06-28 14:48:07,,,91.0,,,,,,,,,,,,,,,,,,,,,,,,,,,,,,,,,,,,,,1,91.0,91.0,659.3406593406594,"(3.910260993246169, 0.7698336750110771)",4.861756216175651,steelblue
2023-06-28 14:48:08,,,92.0,,,,,,,,,,,,,,,,,,,,,,,,,,,,,,,,,,,,,,1,92.0,92.0,652.1739130434783,"(3.910260993246169, 0.7698336750110771)",4.861756216175651,steelblue
2023-06-28 14:48:09,,,93.0,,,,,,,,,,,,,,,,,,,,,,,,,,,,,,,,,,,,,,1,93.0,93.0,645.1612903225806,"(3.910260993246169, 0.7698336750110771)",4.861756216175651,steelblue
2023-06-28 14:48:10,,,93.0,,,,,,,,,,,,,,,,,,,,,,,,,,,,,,,,,,,,,,1,93.0,93.0,645.1612903225806,"(3.910260993246169, 0.7698336750110771)",4.861756216175651,steelblue
2023-06-28 14:48:11,,,94.0,,,,,,,,,,,,,,,,,,,,,,,,,,,,,,,,,,,,,,1,94.0,94.0,638.2978723404256,"(3.910260993246169, 0.7698336750110771)",4.861756216175651,steelblue
2023-06-28 14:48:12,,,95.0,,,,,,,,,,,,,,,,,,,,,,,,,,,,,,,,,,,,,,1,95.0,95.0,631.578947368421,"(3.910260993246169, 0.7698336750110771)",4.861756216175651,steelblue
2023-06-28 14:48:13,,,96.0,,,,,,,,,,,,,,,,,,,,,,,,,,,,,,,,,,,,,,1,96.0,96.0,625.0,"(3.910260993246169, 0.7698336750110771)",4.861756216175651,steelblue
2023-06-28 14:48:14,,,96.0,,,,,,,,,,,,,,,,,,,,,,,,,,,,,,,,,,,,,,1,96.0,96.0,625.0,"(3.910260993246169, 0.7698336750110771)",4.861756216175651,steelblue
2023-06-28 14:48:15,,,97.0,,,,,,,,,,,,,,,,,,,,,,,,,,,,,,,,,,,,,,1,97.0,97.0,618.5567010309278,"(3.910260993246169, 0.7698336750110771)",4.906337091556528,steelblue
2023-06-28 14:48:16,,,98.0,,,,,,,,,,,,,,,,,,,,,,,,,,,,,,,,,,,,,,0,98.0,98.0,612.2448979591836,"(3.910260993246169, 0.7698336750110771)",4.906337091556528,steelblue
2023-06-28 14:48:17,,,98.0,,,,,,,,,,,,,,,,,,,,,,,,,,,,,,,,,,,,,,0,98.0,98.0,612.2448979591836,"(3.910260993246169, 0.7698336750110771)",4.906337091556528,steelblue
2023-06-28 14:48:18,,,98.0,,,,,,,,,,,,,,,,,,,,,,,,,,,,,,,,,,,,,,0,98.0,98.0,612.2448979591836,"(3.910260993246169, 0.7698336750110771)",4.906337091556528,steelblue
2023-06-28 14:48:19,,,98.0,,,,,,,,,,,,,,,,,,,,,,,,,,,,,,,,,,,,,,0,98.0,98.0,612.2448979591836,"(3.910260993246169, 0.7698336750110771)",4.906337091556528,steelblue
2023-06-28 14:48:20,,,99.0,,,,,,,,,,,,,,,,,,,,,,,,,,,,,,,,,,,,,,0,99.0,99.0,606.060606060606,"(3.910260993246169, 0.7698336750110771)",4.906337091556528,steelblue
2023-06-28 14:48:21,,,99.0,,,,,,,,,,,,,,,,,,,,,,,,,,,,,,,,,,,,,,0,99.0,99.0,606.060606060606,"(3.910260993246169, 0.7698336750110771)",4.906337091556528,steelblue
2023-06-28 14:48:22,,,99.0,,,,,,,,,,,,,,,,,,,,,,,,,,,,,,,,,,,,,,0,99.0,99.0,606.060606060606,"(3.910260993246169, 0.7698336750110771)",4.906337091556528,steelblue
2023-06-28 14:48:23,,,99.0,,,,,,,,,,,,,,,,,,,,,,,,,,,,,,,,,,,,,,0,99.0,99.0,606.060606060606,"(3.910260993246169, 0.7698336750110771)",4.906337091556528,steelblue
2023-06-28 14:48:24,,,101.0,,,,,,,,,,,,,,,,,,,,,,,,,,,,,,,,,,,,,,0,101.0,101.0,594.059405940594,"(3.910260993246169, 0.7698336750110771)",4.906337091556528,steelblue
2023-06-28 14:48:25,,,101.0,,,,,,,,,,,,,,,,,,,,,,,,,,,,,,,,,,,,,,0,101.0,101.0,594.059405940594,"(3.910260993246169, 0.7698336750110771)",4.906337091556528,steelblue
2023-06-28 14:48:26,,,101.0,,,,,,,,,,,,,,,,,,,,,,,,,,,,,,,,,,,,,,0,101.0,101.0,594.059405940594,"(3.910260993246169, 0.7698336750110771)",4.906337091556528,steelblue
2023-06-28 14:48:27,,,103.0,,,,,,,,,,,,,,,,,,,,,,,,,,,,,,,,,,,,,,0,103.0,103.0,582.5242718446602,"(3.910260993246169, 0.7698336750110771)",4.906337091556528,steelblue
2023-06-28 14:48:28,,,104.0,,,,,,,,,,,,,,,,,,,,,,,,,,,,,,,,,,,,,,0,104.0,104.0,576.9230769230769,"(3.910260993246169, 0.7698336750110771)",4.906337091556528,steelblue
2023-06-28 14:48:29,,,105.0,,,,,,,,,,,,,,,,,,,,,,,,,,,,,,,,,,,,,,0,105.0,105.0,571.4285714285714,"(3.910260993246169, 0.7698336750110771)",4.906337091556528,steelblue
2023-06-28 14:48:30,,,107.0,,,,,,,,,,,,,,,,,,,,,,,,,,,,,,,,,,,,,,0,107.0,107.0,560.7476635514018,"(3.910260993246169, 0.7698336750110771)",4.906337091556528,steelblue
2023-06-28 14:48:31,,,108.0,,,,,,,,,,,,,,,,,,,,,,,,,,,,,,,,,,,,,,0,108.0,108.0,555.5555555555555,"(3.910260993246169, 0.7698336750110771)",4.906337091556528,steelblue
2023-06-28 14:48:32,,,108.0,,,,,,,,,,,,,,,,,,,,,,,,,,,,,,,,,,,,,,0,108.0,108.0,555.5555555555555,"(3.910260993246169, 0.7698336750110771)",4.906337091556528,steelblue
2023-06-28 14:48:33,,,109.0,,,,,,,,,,,,,,,,,,,,,,,,,,,,,,,,,,,,,,0,109.0,109.0,550.4587155963303,"(3.910260993246169, 0.7698336750110771)",4.906337091556528,steelblue
2023-06-28 14:48:34,,,109.0,,,,,,,,,,,,,,,,,,,,,,,,,,,,,,,,,,,,,,0,109.0,109.0,550.4587155963303,"(3.910260993246169, 0.7698336750110771)",4.906337091556528,steelblue
2023-06-28 14:48:35,,,110.0,,,,,,,,,,,,,,,,,,,,,,,,,,,,,,,,,,,,,,0,110.0,110.0,545.4545454545455,"(3.910260993246169, 0.7698336750110771)",4.906337091556528,steelblue
2023-06-28 14:48:36,,,110.0,,,,,,,,,,,,,,,,,,,,,,,,,,,,,,,,,,,,,,0,110.0,110.0,545.4545454545455,"(3.910260993246169, 0.7698336750110771)",4.906337091556528,steelblue
2023-06-28 14:48:37,,,110.0,,,,,,,,,,,,,,,,,,,,,,,,,,,,,,,,,,,,,,0,110.0,110.0,545.4545454545455,"(3.910260993246169, 0.7698336750110771)",4.906337091556528,steelblue
2023-06-28 14:48:38,,,110.0,,,,,,,,,,,,,,,,,,,,,,,,,,,,,,,,,,,,,,0,110.0,110.0,545.4545454545455,"(3.910260993246169, 0.7698336750110771)",4.906337091556528,steelblue
2023-06-28 14:48:39,,,110.0,,,,,,,,,,,,,,,,,,,,,,,,,,,,,,,,,,,,,,0,110.0,110.0,545.4545454545455,"(3.910260993246169, 0.7698336750110771)",4.906337091556528,steelblue
2023-06-28 14:48:40,,,110.0,,,,,,,,,,,,,,,,,,,,,,,,,,,,,,,,,,,,,,0,110.0,110.0,545.4545454545455,"(3.910260993246169, 0.7698336750110771)",4.906337091556528,steelblue
2023-06-28 14:48:41,,,110.0,,,,,,,,,,,,,,,,,,,,,,,,,,,,,,,,,,,,,,0,110.0,110.0,545.4545454545455,"(3.910260993246169, 0.7698336750110771)",4.906337091556528,steelblue
2023-06-28 14:48:42,,,110.0,,,,,,,,,,,,,,,,,,,,,,,,,,,,,,,,,,,,,,0,110.0,110.0,545.4545454545455,"(3.910260993246169, 0.7698336750110771)",4.906337091556528,steelblue
2023-06-28 14:48:43,,,110.0,,,,,,,,,,,,,,,,,,,,,,,,,,,,,,,,,,,,,,0,110.0,110.0,545.4545454545455,"(3.910260993246169, 0.7698336750110771)",4.906337091556528,steelblue
2023-06-28 14:48:44,,,110.0,,,,,,,,,,,,,,,,,,,,,,,,,,,,,,,,,,,,,,0,110.0,110.0,545.4545454545455,"(3.910260993246169, 0.7698336750110771)",4.906337091556528,steelblue
2023-06-28 14:48:45,,,110.0,,,,,,,,,,,,,,,,,,,,,,,,,,,,,,,,,,,,,,0,110.0,110.0,545.4545454545455,"(3.910260993246169, 0.7698336750110771)",4.725185686753329,steelblue
2023-06-28 14:48:46,,,110.0,,,,,,,,,,,,,,,,,,,,,,,,,,,,,,,,,,,,,,0,110.0,110.0,545.4545454545455,"(3.910260993246169, 0.7698336750110771)",4.725185686753329,steelblue
2023-06-28 14:48:47,,,110.0,,,,,,,,,,,,,,,,,,,,,,,,,,,,,,,,,,,,,,0,110.0,110.0,545.4545454545455,"(3.910260993246169, 0.7698336750110771)",4.725185686753329,steelblue
2023-06-28 14:48:48,,,110.0,,,,,,,,,,,,,,,,,,,,,,,,,,,,,,,,,,,,,,0,110.0,110.0,545.4545454545455,"(3.910260993246169, 0.7698336750110771)",4.725185686753329,steelblue
2023-06-28 14:48:49,,,109.0,,,,,,,,,,,,,,,,,,,,,,,,,,,,,,,,,,,,,,0,109.0,109.0,550.4587155963303,"(3.910260993246169, 0.7698336750110771)",4.725185686753329,steelblue
2023-06-28 14:48:50,,,109.0,,,,,,,,,,,,,,,,,,,,,,,,,,,,,,,,,,,,,,0,109.0,109.0,550.4587155963303,"(3.910260993246169, 0.7698336750110771)",4.725185686753329,steelblue
2023-06-28 14:48:51,,,108.0,,,,,,,,,,,,,,,,,,,,,,,,,,,,,,,,,,,,,,0,108.0,108.0,555.5555555555555,"(3.910260993246169, 0.7698336750110771)",4.725185686753329,steelblue
2023-06-28 14:48:52,,,107.0,,,,,,,,,,,,,,,,,,,,,,,,,,,,,,,,,,,,,,0,107.0,107.0,560.7476635514018,"(3.910260993246169, 0.7698336750110771)",4.725185686753329,steelblue
2023-06-28 14:48:53,,,106.0,,,,,,,,,,,,,,,,,,,,,,,,,,,,,,,,,,,,,,0,106.0,106.0,566.0377358490566,"(3.910260993246169, 0.7698336750110771)",4.725185686753329,steelblue
2023-06-28 14:48:54,,,104.0,,,,,,,,,,,,,,,,,,,,,,,,,,,,,,,,,,,,,,0,104.0,104.0,576.9230769230769,"(3.910260993246169, 0.7698336750110771)",4.725185686753329,steelblue
2023-06-28 14:48:55,,,103.0,,,,,,,,,,,,,,,,,,,,,,,,,,,,,,,,,,,,,,0,103.0,103.0,582.5242718446602,"(3.910260993246169, 0.7698336750110771)",4.725185686753329,steelblue
2023-06-28 14:48:56,,,103.0,,,,,,,,,,,,,,,,,,,,,,,,,,,,,,,,,,,,,,0,103.0,103.0,582.5242718446602,"(3.910260993246169, 0.7698336750110771)",4.725185686753329,steelblue
2023-06-28 14:48:57,,,102.0,,,,,,,,,,,,,,,,,,,,,,,,,,,,,,,,,,,,,,0,102.0,102.0,588.2352941176471,"(3.910260993246169, 0.7698336750110771)",4.725185686753329,steelblue
2023-06-28 14:48:58,,,100.0,,,,,,,,,,,,,,,,,,,,,,,,,,,,,,,,,,,,,,0,100.0,100.0,600.0,"(3.910260993246169, 0.7698336750110771)",4.725185686753329,steelblue
2023-06-28 14:48:59,,,100.0,,,,,,,,,,,,,,,,,,,,,,,,,,,,,,,,,,,,,,0,100.0,100.0,600.0,"(3.910260993246169, 0.7698336750110771)",4.725185686753329,steelblue
2023-06-28 14:49:00,,,100.0,,,,,,,,,,,,,,,,,,,,,,,,,,,,,,,,,,,,,,0,100.0,100.0,600.0,"(3.910260993246169, 0.7698336750110771)",4.725185686753329,steelblue
2023-06-28 14:49:01,,,100.0,,,,,,,,,,,,,,,,,,,,,,,,,,,,,,,,,,,,,,0,100.0,100.0,600.0,"(3.910260993246169, 0.7698336750110771)",4.725185686753329,steelblue
2023-06-28 14:49:02,,,101.0,,,,,,,,,,,,,,,,,,,,,,,,,,,,,,,,,,,,,,0,101.0,101.0,594.059405940594,"(3.910260993246169, 0.7698336750110771)",4.725185686753329,steelblue
2023-06-28 14:49:03,,,102.0,,,,,,,,,,,,,,,,,,,,,,,,,,,,,,,,,,,,,,0,102.0,102.0,588.2352941176471,"(3.910260993246169, 0.7698336750110771)",4.725185686753329,steelblue
2023-06-28 14:49:04,,,103.0,,,,,,,,,,,,,,,,,,,,,,,,,,,,,,,,,,,,,,0,103.0,103.0,582.5242718446602,"(3.910260993246169, 0.7698336750110771)",4.725185686753329,steelblue
2023-06-28 14:49:05,,,104.0,,,,,,,,,,,,,,,,,,,,,,,,,,,,,,,,,,,,,,0,104.0,104.0,576.9230769230769,"(3.910260993246169, 0.7698336750110771)",4.725185686753329,steelblue
2023-06-28 14:49:06,,,105.0,,,,,,,,,,,,,,,,,,,,,,,,,,,,,,,,,,,,,,0,105.0,105.0,571.4285714285714,"(3.910260993246169, 0.7698336750110771)",4.725185686753329,steelblue
2023-06-28 14:49:07,,,105.0,,,,,,,,,,,,,,,,,,,,,,,,,,,,,,,,,,,,,,0,105.0,105.0,571.4285714285714,"(3.910260993246169, 0.7698336750110771)",4.725185686753329,steelblue
2023-06-28 14:49:08,,,105.0,,,,,,,,,,,,,,,,,,,,,,,,,,,,,,,,,,,,,,0,105.0,105.0,571.4285714285714,"(3.910260993246169, 0.7698336750110771)",4.725185686753329,steelblue
2023-06-28 14:49:09,,,106.0,,,,,,,,,,,,,,,,,,,,,,,,,,,,,,,,,,,,,,0,106.0,106.0,566.0377358490566,"(3.910260993246169, 0.7698336750110771)",4.725185686753329,steelblue
2023-06-28 14:49:10,,,106.0,,,,,,,,,,,,,,,,,,,,,,,,,,,,,,,,,,,,,,0,106.0,106.0,566.0377358490566,"(3.910260993246169, 0.7698336750110771)",4.725185686753329,steelblue
2023-06-28 14:49:11,,,106.0,,,,,,,,,,,,,,,,,,,,,,,,,,,,,,,,,,,,,,0,106.0,106.0,566.0377358490566,"(3.910260993246169, 0.7698336750110771)",4.725185686753329,steelblue
2023-06-28 14:49:12,,,105.0,,,,,,,,,,,,,,,,,,,,,,,,,,,,,,,,,,,,,,0,105.0,105.0,571.4285714285714,"(3.910260993246169, 0.7698336750110771)",4.725185686753329,steelblue
2023-06-28 14:49:13,,,104.0,,,,,,,,,,,,,,,,,,,,,,,,,,,,,,,,,,,,,,0,104.0,104.0,576.9230769230769,"(3.910260993246169, 0.7698336750110771)",4.725185686753329,steelblue
2023-06-28 14:49:14,,,104.0,,,,,,,,,,,,,,,,,,,,,,,,,,,,,,,,,,,,,,0,104.0,104.0,576.9230769230769,"(3.910260993246169, 0.7698336750110771)",4.725185686753329,steelblue
2023-06-28 14:49:15,,,104.0,,,,,,,,,,,,,,,,,,,,,,,,,,,,,,,,,,,,,,0,104.0,104.0,576.9230769230769,"(3.910260993246169, 0.7698336750110771)",4.28298369216052,mediumseagreen
2023-06-28 14:49:16,,,103.0,,,,,,,,,,,,,,,,,,,,,,,,,,,,,,,,,,,,,,0,103.0,103.0,582.5242718446602,"(3.910260993246169, 0.7698336750110771)",4.28298369216052,mediumseagreen
2023-06-28 14:49:17,,,102.0,,,,,,,,,,,,,,,,,,,,,,,,,,,,,,,,,,,,,,0,102.0,102.0,588.2352941176471,"(3.910260993246169, 0.7698336750110771)",4.28298369216052,mediumseagreen
2023-06-28 14:49:18,,,101.0,,,,,,,,,,,,,,,,,,,,,,,,,,,,,,,,,,,,,,0,101.0,101.0,594.059405940594,"(3.910260993246169, 0.7698336750110771)",4.28298369216052,mediumseagreen
2023-06-28 14:49:19,,,101.0,,,,,,,,,,,,,,,,,,,,,,,,,,,,,,,,,,,,,,0,101.0,101.0,594.059405940594,"(3.910260993246169, 0.7698336750110771)",4.28298369216052,mediumseagreen
2023-06-28 14:49:20,,,99.0,,,,,,,,,,,,,,,,,,,,,,,,,,,,,,,,,,,,,,0,99.0,99.0,606.060606060606,"(3.910260993246169, 0.7698336750110771)",4.28298369216052,mediumseagreen
2023-06-28 14:49:21,,,99.0,,,,,,,,,,,,,,,,,,,,,,,,,,,,,,,,,,,,,,0,99.0,99.0,606.060606060606,"(3.910260993246169, 0.7698336750110771)",4.28298369216052,mediumseagreen
2023-06-28 14:49:22,,,99.0,,,,,,,,,,,,,,,,,,,,,,,,,,,,,,,,,,,,,,0,99.0,99.0,606.060606060606,"(3.910260993246169, 0.7698336750110771)",4.28298369216052,mediumseagreen
2023-06-28 14:49:23,,,99.0,,,,,,,,,,,,,,,,,,,,,,,,,,,,,,,,,,,,,,0,99.0,99.0,606.060606060606,"(3.910260993246169, 0.7698336750110771)",4.28298369216052,mediumseagreen
2023-06-28 14:49:24,,,99.0,,,,,,,,,,,,,,,,,,,,,,,,,,,,,,,,,,,,,,0,99.0,99.0,606.060606060606,"(3.910260993246169, 0.7698336750110771)",4.28298369216052,mediumseagreen
2023-06-28 14:49:25,,,98.0,,,,,,,,,,,,,,,,,,,,,,,,,,,,,,,,,,,,,,0,98.0,98.0,612.2448979591836,"(3.910260993246169, 0.7698336750110771)",4.28298369216052,mediumseagreen
2023-06-28 14:49:26,,,98.0,,,,,,,,,,,,,,,,,,,,,,,,,,,,,,,,,,,,,,0,98.0,98.0,612.2448979591836,"(3.910260993246169, 0.7698336750110771)",4.28298369216052,mediumseagreen
2023-06-28 14:49:27,,,98.0,,,,,,,,,,,,,,,,,,,,,,,,,,,,,,,,,,,,,,0,98.0,98.0,612.2448979591836,"(3.910260993246169, 0.7698336750110771)",4.28298369216052,mediumseagreen
2023-06-28 14:49:28,,,99.0,,,,,,,,,,,,,,,,,,,,,,,,,,,,,,,,,,,,,,0,99.0,99.0,606.060606060606,"(3.910260993246169, 0.7698336750110771)",4.28298369216052,mediumseagreen
2023-06-28 14:49:29,,,100.0,,,,,,,,,,,,,,,,,,,,,,,,,,,,,,,,,,,,,,0,100.0,100.0,600.0,"(3.910260993246169, 0.7698336750110771)",4.28298369216052,mediumseagreen
2023-06-28 14:49:30,,,100.0,,,,,,,,,,,,,,,,,,,,,,,,,,,,,,,,,,,,,,0,100.0,100.0,600.0,"(3.910260993246169, 0.7698336750110771)",4.28298369216052,mediumseagreen
2023-06-28 14:49:31,,,101.0,,,,,,,,,,,,,,,,,,,,,,,,,,,,,,,,,,,,,,0,101.0,101.0,594.059405940594,"(3.910260993246169, 0.7698336750110771)",4.28298369216052,mediumseagreen
2023-06-28 14:49:32,,,103.0,,,,,,,,,,,,,,,,,,,,,,,,,,,,,,,,,,,,,,0,103.0,103.0,582.5242718446602,"(3.910260993246169, 0.7698336750110771)",4.28298369216052,mediumseagreen
2023-06-28 14:49:33,,,104.0,,,,,,,,,,,,,,,,,,,,,,,,,,,,,,,,,,,,,,0,104.0,104.0,576.9230769230769,"(3.910260993246169, 0.7698336750110771)",4.28298369216052,mediumseagreen
2023-06-28 14:49:34,,,105.0,,,,,,,,,,,,,,,,,,,,,,,,,,,,,,,,,,,,,,0,105.0,105.0,571.4285714285714,"(3.910260993246169, 0.7698336750110771)",4.28298369216052,mediumseagreen
2023-06-28 14:49:35,,,106.0,,,,,,,,,,,,,,,,,,,,,,,,,,,,,,,,,,,,,,0,106.0,106.0,566.0377358490566,"(3.910260993246169, 0.7698336750110771)",4.28298369216052,mediumseagreen
2023-06-28 14:49:36,,,107.0,,,,,,,,,,,,,,,,,,,,,,,,,,,,,,,,,,,,,,0,107.0,107.0,560.7476635514018,"(3.910260993246169, 0.7698336750110771)",4.28298369216052,mediumseagreen
2023-06-28 14:49:37,,,108.0,,,,,,,,,,,,,,,,,,,,,,,,,,,,,,,,,,,,,,0,108.0,108.0,555.5555555555555,"(3.910260993246169, 0.7698336750110771)",4.28298369216052,mediumseagreen
2023-06-28 14:49:38,,,108.0,,,,,,,,,,,,,,,,,,,,,,,,,,,,,,,,,,,,,,0,108.0,108.0,555.5555555555555,"(3.910260993246169, 0.7698336750110771)",4.28298369216052,mediumseagreen
2023-06-28 14:49:39,,,108.0,,,,,,,,,,,,,,,,,,,,,,,,,,,,,,,,,,,,,,0,108.0,108.0,555.5555555555555,"(3.910260993246169, 0.7698336750110771)",4.28298369216052,mediumseagreen
2023-06-28 14:49:40,,,108.0,,,,,,,,,,,,,,,,,,,,,,,,,,,,,,,,,,,,,,0,108.0,108.0,555.5555555555555,"(3.910260993246169, 0.7698336750110771)",4.28298369216052,mediumseagreen
2023-06-28 14:49:41,,,108.0,,,,,,,,,,,,,,,,,,,,,,,,,,,,,,,,,,,,,,0,108.0,108.0,555.5555555555555,"(3.910260993246169, 0.7698336750110771)",4.28298369216052,mediumseagreen
2023-06-28 14:49:42,,,108.0,,,,,,,,,,,,,,,,,,,,,,,,,,,,,,,,,,,,,,0,108.0,108.0,555.5555555555555,"(3.910260993246169, 0.7698336750110771)",4.28298369216052,mediumseagreen
2023-06-28 14:49:43,,,108.0,,,,,,,,,,,,,,,,,,,,,,,,,,,,,,,,,,,,,,0,108.0,108.0,555.5555555555555,"(3.910260993246169, 0.7698336750110771)",4.28298369216052,mediumseagreen
2023-06-28 14:49:44,,,108.0,,,,,,,,,,,,,,,,,,,,,,,,,,,,,,,,,,,,,,0,108.0,108.0,555.5555555555555,"(3.910260993246169, 0.7698336750110771)",4.28298369216052,mediumseagreen
2023-06-28 14:49:45,,,108.0,,,,,,,,,,,,,,,,,,,,,,,,,,,,,,,,,,,,,,0,108.0,108.0,555.5555555555555,"(3.910260993246169, 0.7698336750110771)",3.9090933234523453,mediumseagreen
2023-06-28 14:49:46,,,108.0,,,,,,,,,,,,,,,,,,,,,,,,,,,,,,,,,,,,,,0,108.0,108.0,555.5555555555555,"(3.910260993246169, 0.7698336750110771)",3.9090933234523453,mediumseagreen
2023-06-28 14:49:47,,,107.0,,,,,,,,,,,,,,,,,,,,,,,,,,,,,,,,,,,,,,0,107.0,107.0,560.7476635514018,"(3.910260993246169, 0.7698336750110771)",3.9090933234523453,mediumseagreen
2023-06-28 14:49:48,,,107.0,,,,,,,,,,,,,,,,,,,,,,,,,,,,,,,,,,,,,,0,107.0,107.0,560.7476635514018,"(3.910260993246169, 0.7698336750110771)",3.9090933234523453,mediumseagreen
2023-06-28 14:49:49,,,107.0,,,,,,,,,,,,,,,,,,,,,,,,,,,,,,,,,,,,,,0,107.0,107.0,560.7476635514018,"(3.910260993246169, 0.7698336750110771)",3.9090933234523453,mediumseagreen
2023-06-28 14:49:50,,,107.0,,,,,,,,,,,,,,,,,,,,,,,,,,,,,,,,,,,,,,0,107.0,107.0,560.7476635514018,"(3.910260993246169, 0.7698336750110771)",3.9090933234523453,mediumseagreen
2023-06-28 14:49:51,,,107.0,,,,,,,,,,,,,,,,,,,,,,,,,,,,,,,,,,,,,,0,107.0,107.0,560.7476635514018,"(3.910260993246169, 0.7698336750110771)",3.9090933234523453,mediumseagreen
2023-06-28 14:49:52,,,107.0,,,,,,,,,,,,,,,,,,,,,,,,,,,,,,,,,,,,,,0,107.0,107.0,560.7476635514018,"(3.910260993246169, 0.7698336750110771)",3.9090933234523453,mediumseagreen
2023-06-28 14:49:53,,,106.0,,,,,,,,,,,,,,,,,,,,,,,,,,,,,,,,,,,,,,0,106.0,106.0,566.0377358490566,"(3.910260993246169, 0.7698336750110771)",3.9090933234523453,mediumseagreen
2023-06-28 14:49:54,,,106.0,,,,,,,,,,,,,,,,,,,,,,,,,,,,,,,,,,,,,,0,106.0,106.0,566.0377358490566,"(3.910260993246169, 0.7698336750110771)",3.9090933234523453,mediumseagreen
2023-06-28 14:49:55,,,106.0,,,,,,,,,,,,,,,,,,,,,,,,,,,,,,,,,,,,,,0,106.0,106.0,566.0377358490566,"(3.910260993246169, 0.7698336750110771)",3.9090933234523453,mediumseagreen
2023-06-28 14:49:56,,,106.0,,,,,,,,,,,,,,,,,,,,,,,,,,,,,,,,,,,,,,0,106.0,106.0,566.0377358490566,"(3.910260993246169, 0.7698336750110771)",3.9090933234523453,mediumseagreen
2023-06-28 14:49:57,,,106.0,,,,,,,,,,,,,,,,,,,,,,,,,,,,,,,,,,,,,,0,106.0,106.0,566.0377358490566,"(3.910260993246169, 0.7698336750110771)",3.9090933234523453,mediumseagreen
2023-06-28 14:49:58,,,106.0,,,,,,,,,,,,,,,,,,,,,,,,,,,,,,,,,,,,,,0,106.0,106.0,566.0377358490566,"(3.910260993246169, 0.7698336750110771)",3.9090933234523453,mediumseagreen
2023-06-28 14:49:59,,,106.0,,,,,,,,,,,,,,,,,,,,,,,,,,,,,,,,,,,,,,0,106.0,106.0,566.0377358490566,"(3.910260993246169, 0.7698336750110771)",3.9090933234523453,mediumseagreen
2023-06-28 14:50:00,,,106.0,,,,,,,,,,,,,,,,,,,,,,,,,,,,,,,,,,,,,,0,106.0,106.0,566.0377358490566,"(3.910260993246169, 0.7698336750110771)",3.9090933234523453,mediumseagreen
2023-06-28 14:50:01,,,106.0,,,,,,,,,,,,,,,,,,,,,,,,,,,,,,,,,,,,,,0,106.0,106.0,566.0377358490566,"(3.910260993246169, 0.7698336750110771)",3.9090933234523453,mediumseagreen
2023-06-28 14:50:02,,,106.0,,,,,,,,,,,,,,,,,,,,,,,,,,,,,,,,,,,,,,0,106.0,106.0,566.0377358490566,"(3.910260993246169, 0.7698336750110771)",3.9090933234523453,mediumseagreen
2023-06-28 14:50:03,,,105.0,,,,,,,,,,,,,,,,,,,,,,,,,,,,,,,,,,,,,,0,105.0,105.0,571.4285714285714,"(3.910260993246169, 0.7698336750110771)",3.9090933234523453,mediumseagreen
2023-06-28 14:50:04,,,105.0,,,,,,,,,,,,,,,,,,,,,,,,,,,,,,,,,,,,,,0,105.0,105.0,571.4285714285714,"(3.910260993246169, 0.7698336750110771)",3.9090933234523453,mediumseagreen
2023-06-28 14:50:05,,,105.0,,,,,,,,,,,,,,,,,,,,,,,,,,,,,,,,,,,,,,0,105.0,105.0,571.4285714285714,"(3.910260993246169, 0.7698336750110771)",3.9090933234523453,mediumseagreen
2023-06-28 14:50:06,,,105.0,,,,,,,,,,,,,,,,,,,,,,,,,,,,,,,,,,,,,,0,105.0,105.0,571.4285714285714,"(3.910260993246169, 0.7698336750110771)",3.9090933234523453,mediumseagreen
2023-06-28 14:50:07,,,105.0,,,,,,,,,,,,,,,,,,,,,,,,,,,,,,,,,,,,,,0,105.0,105.0,571.4285714285714,"(3.910260993246169, 0.7698336750110771)",3.9090933234523453,mediumseagreen
2023-06-28 14:50:08,,,104.0,,,,,,,,,,,,,,,,,,,,,,,,,,,,,,,,,,,,,,0,104.0,104.0,576.9230769230769,"(3.910260993246169, 0.7698336750110771)",3.9090933234523453,mediumseagreen
2023-06-28 14:50:09,,,104.0,,,,,,,,,,,,,,,,,,,,,,,,,,,,,,,,,,,,,,0,104.0,104.0,576.9230769230769,"(3.910260993246169, 0.7698336750110771)",3.9090933234523453,mediumseagreen
2023-06-28 14:50:10,,,103.0,,,,,,,,,,,,,,,,,,,,,,,,,,,,,,,,,,,,,,0,103.0,103.0,582.5242718446602,"(3.910260993246169, 0.7698336750110771)",3.9090933234523453,mediumseagreen
2023-06-28 14:50:11,,,103.0,,,,,,,,,,,,,,,,,,,,,,,,,,,,,,,,,,,,,,0,103.0,103.0,582.5242718446602,"(3.910260993246169, 0.7698336750110771)",3.9090933234523453,mediumseagreen
2023-06-28 14:50:12,,,103.0,,,,,,,,,,,,,,,,,,,,,,,,,,,,,,,,,,,,,,0,103.0,103.0,582.5242718446602,"(3.910260993246169, 0.7698336750110771)",3.9090933234523453,mediumseagreen
2023-06-28 14:50:13,,,103.0,,,,,,,,,,,,,,,,,,,,,,,,,,,,,,,,,,,,,,0,103.0,103.0,582.5242718446602,"(3.910260993246169, 0.7698336750110771)",3.9090933234523453,mediumseagreen
2023-06-28 14:50:14,,,104.0,,,,,,,,,,,,,,,,,,,,,,,,,,,,,,,,,,,,,,0,104.0,104.0,576.9230769230769,"(3.910260993246169, 0.7698336750110771)",3.9090933234523453,mediumseagreen
2023-06-28 14:50:15,,,105.0,,,,,,,,,,,,,,,,,,,,,,,,,,,,,,,,,,,,,,0,105.0,105.0,571.4285714285714,"(3.910260993246169, 0.7698336750110771)",4.492278879795501,mediumseagreen
2023-06-28 14:50:16,,,105.0,,,,,,,,,,,,,,,,,,,,,,,,,,,,,,,,,,,,,,0,105.0,105.0,571.4285714285714,"(3.910260993246169, 0.7698336750110771)",4.492278879795501,mediumseagreen
2023-06-28 14:50:17,,,106.0,,,,,,,,,,,,,,,,,,,,,,,,,,,,,,,,,,,,,,0,106.0,106.0,566.0377358490566,"(3.910260993246169, 0.7698336750110771)",4.492278879795501,mediumseagreen
2023-06-28 14:50:18,,,109.0,,,,,,,,,,,,,,,,,,,,,,,,,,,,,,,,,,,,,,0,109.0,109.0,550.4587155963303,"(3.910260993246169, 0.7698336750110771)",4.492278879795501,mediumseagreen
2023-06-28 14:50:19,,,110.0,,,,,,,,,,,,,,,,,,,,,,,,,,,,,,,,,,,,,,0,110.0,110.0,545.4545454545455,"(3.910260993246169, 0.7698336750110771)",4.492278879795501,mediumseagreen
2023-06-28 14:50:20,,,110.0,,,,,,,,,,,,,,,,,,,,,,,,,,,,,,,,,,,,,,0,110.0,110.0,545.4545454545455,"(3.910260993246169, 0.7698336750110771)",4.492278879795501,mediumseagreen
2023-06-28 14:50:21,,,113.0,,,,,,,,,,,,,,,,,,,,,,,,,,,,,,,,,,,,,,0,113.0,113.0,530.9734513274336,"(3.910260993246169, 0.7698336750110771)",4.492278879795501,mediumseagreen
2023-06-28 14:50:22,,,115.0,,,,,,,,,,,,,,,,,,,,,,,,,,,,,,,,,,,,,,0,115.0,115.0,521.7391304347826,"(3.910260993246169, 0.7698336750110771)",4.492278879795501,mediumseagreen
2023-06-28 14:50:23,,,115.0,,,,,,,,,,,,,,,,,,,,,,,,,,,,,,,,,,,,,,0,115.0,115.0,521.7391304347826,"(3.910260993246169, 0.7698336750110771)",4.492278879795501,mediumseagreen
2023-06-28 14:50:24,,,115.0,,,,,,,,,,,,,,,,,,,,,,,,,,,,,,,,,,,,,,0,115.0,115.0,521.7391304347826,"(3.910260993246169, 0.7698336750110771)",4.492278879795501,mediumseagreen
2023-06-28 14:50:25,,,115.0,,,,,,,,,,,,,,,,,,,,,,,,,,,,,,,,,,,,,,0,115.0,115.0,521.7391304347826,"(3.910260993246169, 0.7698336750110771)",4.492278879795501,mediumseagreen
2023-06-28 14:50:26,,,114.0,,,,,,,,,,,,,,,,,,,,,,,,,,,,,,,,,,,,,,0,114.0,114.0,526.3157894736842,"(3.910260993246169, 0.7698336750110771)",4.492278879795501,mediumseagreen
2023-06-28 14:50:27,,,113.0,,,,,,,,,,,,,,,,,,,,,,,,,,,,,,,,,,,,,,0,113.0,113.0,530.9734513274336,"(3.910260993246169, 0.7698336750110771)",4.492278879795501,mediumseagreen
2023-06-28 14:50:28,,,113.0,,,,,,,,,,,,,,,,,,,,,,,,,,,,,,,,,,,,,,0,113.0,113.0,530.9734513274336,"(3.910260993246169, 0.7698336750110771)",4.492278879795501,mediumseagreen
2023-06-28 14:50:29,,,112.0,,,,,,,,,,,,,,,,,,,,,,,,,,,,,,,,,,,,,,0,112.0,112.0,535.7142857142857,"(3.910260993246169, 0.7698336750110771)",4.492278879795501,mediumseagreen
2023-06-28 14:50:30,,,112.0,,,,,,,,,,,,,,,,,,,,,,,,,,,,,,,,,,,,,,0,112.0,112.0,535.7142857142857,"(3.910260993246169, 0.7698336750110771)",4.492278879795501,mediumseagreen
2023-06-28 14:50:31,,,111.0,,,,,,,,,,,,,,,,,,,,,,,,,,,,,,,,,,,,,,0,111.0,111.0,540.5405405405405,"(3.910260993246169, 0.7698336750110771)",4.492278879795501,mediumseagreen
2023-06-28 14:50:32,,,111.0,,,,,,,,,,,,,,,,,,,,,,,,,,,,,,,,,,,,,,0,111.0,111.0,540.5405405405405,"(3.910260993246169, 0.7698336750110771)",4.492278879795501,mediumseagreen
2023-06-28 14:50:33,,,111.0,,,,,,,,,,,,,,,,,,,,,,,,,,,,,,,,,,,,,,0,111.0,111.0,540.5405405405405,"(3.910260993246169, 0.7698336750110771)",4.492278879795501,mediumseagreen
2023-06-28 14:50:34,,,111.0,,,,,,,,,,,,,,,,,,,,,,,,,,,,,,,,,,,,,,0,111.0,111.0,540.5405405405405,"(3.910260993246169, 0.7698336750110771)",4.492278879795501,mediumseagreen
2023-06-28 14:50:35,,,111.0,,,,,,,,,,,,,,,,,,,,,,,,,,,,,,,,,,,,,,0,111.0,111.0,540.5405405405405,"(3.910260993246169, 0.7698336750110771)",4.492278879795501,mediumseagreen
2023-06-28 14:50:36,,,110.0,,,,,,,,,,,,,,,,,,,,,,,,,,,,,,,,,,,,,,0,110.0,110.0,545.4545454545455,"(3.910260993246169, 0.7698336750110771)",4.492278879795501,mediumseagreen
2023-06-28 14:50:37,,,110.0,,,,,,,,,,,,,,,,,,,,,,,,,,,,,,,,,,,,,,0,110.0,110.0,545.4545454545455,"(3.910260993246169, 0.7698336750110771)",4.492278879795501,mediumseagreen
2023-06-28 14:50:38,,,110.0,,,,,,,,,,,,,,,,,,,,,,,,,,,,,,,,,,,,,,0,110.0,110.0,545.4545454545455,"(3.910260993246169, 0.7698336750110771)",4.492278879795501,mediumseagreen
2023-06-28 14:50:39,,,110.0,,,,,,,,,,,,,,,,,,,,,,,,,,,,,,,,,,,,,,0,110.0,110.0,545.4545454545455,"(3.910260993246169, 0.7698336750110771)",4.492278879795501,mediumseagreen
2023-06-28 14:50:40,,,110.0,,,,,,,,,,,,,,,,,,,,,,,,,,,,,,,,,,,,,,0,110.0,110.0,545.4545454545455,"(3.910260993246169, 0.7698336750110771)",4.492278879795501,mediumseagreen
2023-06-28 14:50:41,,,111.0,,,,,,,,,,,,,,,,,,,,,,,,,,,,,,,,,,,,,,0,111.0,111.0,540.5405405405405,"(3.910260993246169, 0.7698336750110771)",4.492278879795501,mediumseagreen
2023-06-28 14:50:42,,,111.0,,,,,,,,,,,,,,,,,,,,,,,,,,,,,,,,,,,,,,0,111.0,111.0,540.5405405405405,"(3.910260993246169, 0.7698336750110771)",4.492278879795501,mediumseagreen
2023-06-28 14:50:43,,,112.0,,,,,,,,,,,,,,,,,,,,,,,,,,,,,,,,,,,,,,0,112.0,112.0,535.7142857142857,"(3.910260993246169, 0.7698336750110771)",4.492278879795501,mediumseagreen
2023-06-28 14:50:44,,,112.0,,,,,,,,,,,,,,,,,,,,,,,,,,,,,,,,,,,,,,0,112.0,112.0,535.7142857142857,"(3.910260993246169, 0.7698336750110771)",4.492278879795501,mediumseagreen
2023-06-28 14:50:45,,,112.0,,,,,,,,,,,,,,,,,,,,,,,,,,,,,,,,,,,,,,0,112.0,112.0,535.7142857142857,"(3.910260993246169, 0.7698336750110771)",4.6608504285079935,mediumseagreen
2023-06-28 14:50:46,,,112.0,,,,,,,,,,,,,,,,,,,,,,,,,,,,,,,,,,,,,,0,112.0,112.0,535.7142857142857,"(3.910260993246169, 0.7698336750110771)",4.6608504285079935,mediumseagreen
2023-06-28 14:50:47,,,112.0,,,,,,,,,,,,,,,,,,,,,,,,,,,,,,,,,,,,,,0,112.0,112.0,535.7142857142857,"(3.910260993246169, 0.7698336750110771)",4.6608504285079935,mediumseagreen
2023-06-28 14:50:48,,,112.0,,,,,,,,,,,,,,,,,,,,,,,,,,,,,,,,,,,,,,0,112.0,112.0,535.7142857142857,"(3.910260993246169, 0.7698336750110771)",4.6608504285079935,mediumseagreen
2023-06-28 14:50:49,,,111.0,,,,,,,,,,,,,,,,,,,,,,,,,,,,,,,,,,,,,,0,111.0,111.0,540.5405405405405,"(3.910260993246169, 0.7698336750110771)",4.6608504285079935,mediumseagreen
2023-06-28 14:50:50,,,111.0,,,,,,,,,,,,,,,,,,,,,,,,,,,,,,,,,,,,,,0,111.0,111.0,540.5405405405405,"(3.910260993246169, 0.7698336750110771)",4.6608504285079935,mediumseagreen
2023-06-28 14:50:51,,,110.0,,,,,,,,,,,,,,,,,,,,,,,,,,,,,,,,,,,,,,0,110.0,110.0,545.4545454545455,"(3.910260993246169, 0.7698336750110771)",4.6608504285079935,mediumseagreen
2023-06-28 14:50:52,,,108.0,,,,,,,,,,,,,,,,,,,,,,,,,,,,,,,,,,,,,,0,108.0,108.0,555.5555555555555,"(3.910260993246169, 0.7698336750110771)",4.6608504285079935,mediumseagreen
2023-06-28 14:50:53,,,108.0,,,,,,,,,,,,,,,,,,,,,,,,,,,,,,,,,,,,,,0,108.0,108.0,555.5555555555555,"(3.910260993246169, 0.7698336750110771)",4.6608504285079935,mediumseagreen
2023-06-28 14:50:54,,,108.0,,,,,,,,,,,,,,,,,,,,,,,,,,,,,,,,,,,,,,0,108.0,108.0,555.5555555555555,"(3.910260993246169, 0.7698336750110771)",4.6608504285079935,mediumseagreen
2023-06-28 14:50:55,,,107.0,,,,,,,,,,,,,,,,,,,,,,,,,,,,,,,,,,,,,,0,107.0,107.0,560.7476635514018,"(3.910260993246169, 0.7698336750110771)",4.6608504285079935,mediumseagreen
2023-06-28 14:50:56,,,106.0,,,,,,,,,,,,,,,,,,,,,,,,,,,,,,,,,,,,,,0,106.0,106.0,566.0377358490566,"(3.910260993246169, 0.7698336750110771)",4.6608504285079935,mediumseagreen
2023-06-28 14:50:57,,,106.0,,,,,,,,,,,,,,,,,,,,,,,,,,,,,,,,,,,,,,0,106.0,106.0,566.0377358490566,"(3.910260993246169, 0.7698336750110771)",4.6608504285079935,mediumseagreen
2023-06-28 14:50:58,,,106.0,,,,,,,,,,,,,,,,,,,,,,,,,,,,,,,,,,,,,,0,106.0,106.0,566.0377358490566,"(3.910260993246169, 0.7698336750110771)",4.6608504285079935,mediumseagreen
2023-06-28 14:50:59,,,106.0,,,,,,,,,,,,,,,,,,,,,,,,,,,,,,,,,,,,,,0,106.0,106.0,566.0377358490566,"(3.910260993246169, 0.7698336750110771)",4.6608504285079935,mediumseagreen
2023-06-28 14:51:00,,,105.0,,,,,,,,,,,,,,,,,,,,,,,,,,,,,,,,,,,,,,0,105.0,105.0,571.4285714285714,"(3.910260993246169, 0.7698336750110771)",4.6608504285079935,mediumseagreen
2023-06-28 14:51:01,,,104.0,,,,,,,,,,,,,,,,,,,,,,,,,,,,,,,,,,,,,,0,104.0,104.0,576.9230769230769,"(3.910260993246169, 0.7698336750110771)",4.6608504285079935,mediumseagreen
2023-06-28 14:51:02,,,104.0,,,,,,,,,,,,,,,,,,,,,,,,,,,,,,,,,,,,,,0,104.0,104.0,576.9230769230769,"(3.910260993246169, 0.7698336750110771)",4.6608504285079935,mediumseagreen
2023-06-28 14:51:03,,,103.0,,,,,,,,,,,,,,,,,,,,,,,,,,,,,,,,,,,,,,0,103.0,103.0,582.5242718446602,"(3.910260993246169, 0.7698336750110771)",4.6608504285079935,mediumseagreen
2023-06-28 14:51:04,,,103.0,,,,,,,,,,,,,,,,,,,,,,,,,,,,,,,,,,,,,,0,103.0,103.0,582.5242718446602,"(3.910260993246169, 0.7698336750110771)",4.6608504285079935,mediumseagreen
2023-06-28 14:51:05,,,102.0,,,,,,,,,,,,,,,,,,,,,,,,,,,,,,,,,,,,,,0,102.0,102.0,588.2352941176471,"(3.910260993246169, 0.7698336750110771)",4.6608504285079935,mediumseagreen
2023-06-28 14:51:06,,,100.0,,,,,,,,,,,,,,,,,,,,,,,,,,,,,,,,,,,,,,0,100.0,100.0,600.0,"(3.910260993246169, 0.7698336750110771)",4.6608504285079935,mediumseagreen
2023-06-28 14:51:07,,,98.0,,,,,,,,,,,,,,,,,,,,,,,,,,,,,,,,,,,,,,0,98.0,98.0,612.2448979591836,"(3.910260993246169, 0.7698336750110771)",4.6608504285079935,mediumseagreen
2023-06-28 14:51:08,,,98.0,,,,,,,,,,,,,,,,,,,,,,,,,,,,,,,,,,,,,,0,98.0,98.0,612.2448979591836,"(3.910260993246169, 0.7698336750110771)",4.6608504285079935,mediumseagreen
2023-06-28 14:51:09,,,97.0,,,,,,,,,,,,,,,,,,,,,,,,,,,,,,,,,,,,,,0,97.0,97.0,618.5567010309278,"(3.910260993246169, 0.7698336750110771)",4.6608504285079935,mediumseagreen
2023-06-28 14:51:10,,,97.0,,,,,,,,,,,,,,,,,,,,,,,,,,,,,,,,,,,,,,0,97.0,97.0,618.5567010309278,"(3.910260993246169, 0.7698336750110771)",4.6608504285079935,mediumseagreen
2023-06-28 14:51:11,,,98.0,,,,,,,,,,,,,,,,,,,,,,,,,,,,,,,,,,,,,,0,98.0,98.0,612.2448979591836,"(3.910260993246169, 0.7698336750110771)",4.6608504285079935,mediumseagreen
2023-06-28 14:51:12,,,98.0,,,,,,,,,,,,,,,,,,,,,,,,,,,,,,,,,,,,,,0,98.0,98.0,612.2448979591836,"(3.910260993246169, 0.7698336750110771)",4.6608504285079935,mediumseagreen
2023-06-28 14:51:13,,,98.0,,,,,,,,,,,,,,,,,,,,,,,,,,,,,,,,,,,,,,0,98.0,98.0,612.2448979591836,"(3.910260993246169, 0.7698336750110771)",4.6608504285079935,mediumseagreen
2023-06-28 14:51:14,,,98.0,,,,,,,,,,,,,,,,,,,,,,,,,,,,,,,,,,,,,,0,98.0,98.0,612.2448979591836,"(3.910260993246169, 0.7698336750110771)",4.6608504285079935,mediumseagreen
2023-06-28 14:51:15,,,99.0,,,,,,,,,,,,,,,,,,,,,,,,,,,,,,,,,,,,,,0,99.0,99.0,606.060606060606,"(3.910260993246169, 0.7698336750110771)",4.2657742293046566,mediumseagreen
2023-06-28 14:51:16,,,99.0,,,,,,,,,,,,,,,,,,,,,,,,,,,,,,,,,,,,,,0,99.0,99.0,606.060606060606,"(3.910260993246169, 0.7698336750110771)",4.2657742293046566,mediumseagreen
2023-06-28 14:51:17,,,99.0,,,,,,,,,,,,,,,,,,,,,,,,,,,,,,,,,,,,,,0,99.0,99.0,606.060606060606,"(3.910260993246169, 0.7698336750110771)",4.2657742293046566,mediumseagreen
2023-06-28 14:51:18,,,99.0,,,,,,,,,,,,,,,,,,,,,,,,,,,,,,,,,,,,,,0,99.0,99.0,606.060606060606,"(3.910260993246169, 0.7698336750110771)",4.2657742293046566,mediumseagreen
2023-06-28 14:51:19,,,100.0,,,,,,,,,,,,,,,,,,,,,,,,,,,,,,,,,,,,,,0,100.0,100.0,600.0,"(3.910260993246169, 0.7698336750110771)",4.2657742293046566,mediumseagreen
2023-06-28 14:51:20,,,101.0,,,,,,,,,,,,,,,,,,,,,,,,,,,,,,,,,,,,,,0,101.0,101.0,594.059405940594,"(3.910260993246169, 0.7698336750110771)",4.2657742293046566,mediumseagreen
2023-06-28 14:51:21,,,102.0,,,,,,,,,,,,,,,,,,,,,,,,,,,,,,,,,,,,,,0,102.0,102.0,588.2352941176471,"(3.910260993246169, 0.7698336750110771)",4.2657742293046566,mediumseagreen
2023-06-28 14:51:22,,,104.0,,,,,,,,,,,,,,,,,,,,,,,,,,,,,,,,,,,,,,0,104.0,104.0,576.9230769230769,"(3.910260993246169, 0.7698336750110771)",4.2657742293046566,mediumseagreen
2023-06-28 14:51:23,,,104.0,,,,,,,,,,,,,,,,,,,,,,,,,,,,,,,,,,,,,,0,104.0,104.0,576.9230769230769,"(3.910260993246169, 0.7698336750110771)",4.2657742293046566,mediumseagreen
2023-06-28 14:51:24,,,104.0,,,,,,,,,,,,,,,,,,,,,,,,,,,,,,,,,,,,,,0,104.0,104.0,576.9230769230769,"(3.910260993246169, 0.7698336750110771)",4.2657742293046566,mediumseagreen
2023-06-28 14:51:25,,,104.0,,,,,,,,,,,,,,,,,,,,,,,,,,,,,,,,,,,,,,0,104.0,104.0,576.9230769230769,"(3.910260993246169, 0.7698336750110771)",4.2657742293046566,mediumseagreen
2023-06-28 14:51:26,,,104.0,,,,,,,,,,,,,,,,,,,,,,,,,,,,,,,,,,,,,,0,104.0,104.0,576.9230769230769,"(3.910260993246169, 0.7698336750110771)",4.2657742293046566,mediumseagreen
2023-06-28 14:51:27,,,104.0,,,,,,,,,,,,,,,,,,,,,,,,,,,,,,,,,,,,,,0,104.0,104.0,576.9230769230769,"(3.910260993246169, 0.7698336750110771)",4.2657742293046566,mediumseagreen
2023-06-28 14:51:28,,,104.0,,,,,,,,,,,,,,,,,,,,,,,,,,,,,,,,,,,,,,0,104.0,104.0,576.9230769230769,"(3.910260993246169, 0.7698336750110771)",4.2657742293046566,mediumseagreen
2023-06-28 14:51:29,,,104.0,,,,,,,,,,,,,,,,,,,,,,,,,,,,,,,,,,,,,,0,104.0,104.0,576.9230769230769,"(3.910260993246169, 0.7698336750110771)",4.2657742293046566,mediumseagreen
2023-06-28 14:51:30,,,104.0,,,,,,,,,,,,,,,,,,,,,,,,,,,,,,,,,,,,,,0,104.0,104.0,576.9230769230769,"(3.910260993246169, 0.7698336750110771)",4.2657742293046566,mediumseagreen
2023-06-28 14:51:31,,,104.0,,,,,,,,,,,,,,,,,,,,,,,,,,,,,,,,,,,,,,0,104.0,104.0,576.9230769230769,"(3.910260993246169, 0.7698336750110771)",4.2657742293046566,mediumseagreen
2023-06-28 14:51:32,,,104.0,,,,,,,,,,,,,,,,,,,,,,,,,,,,,,,,,,,,,,0,104.0,104.0,576.9230769230769,"(3.910260993246169, 0.7698336750110771)",4.2657742293046566,mediumseagreen
2023-06-28 14:51:33,,,103.0,,,,,,,,,,,,,,,,,,,,,,,,,,,,,,,,,,,,,,0,103.0,103.0,582.5242718446602,"(3.910260993246169, 0.7698336750110771)",4.2657742293046566,mediumseagreen
2023-06-28 14:51:34,,,103.0,,,,,,,,,,,,,,,,,,,,,,,,,,,,,,,,,,,,,,0,103.0,103.0,582.5242718446602,"(3.910260993246169, 0.7698336750110771)",4.2657742293046566,mediumseagreen
2023-06-28 14:51:35,,,103.0,,,,,,,,,,,,,,,,,,,,,,,,,,,,,,,,,,,,,,0,103.0,103.0,582.5242718446602,"(3.910260993246169, 0.7698336750110771)",4.2657742293046566,mediumseagreen
2023-06-28 14:51:36,,,103.0,,,,,,,,,,,,,,,,,,,,,,,,,,,,,,,,,,,,,,0,103.0,103.0,582.5242718446602,"(3.910260993246169, 0.7698336750110771)",4.2657742293046566,mediumseagreen
2023-06-28 14:51:37,,,103.0,,,,,,,,,,,,,,,,,,,,,,,,,,,,,,,,,,,,,,0,103.0,103.0,582.5242718446602,"(3.910260993246169, 0.7698336750110771)",4.2657742293046566,mediumseagreen
2023-06-28 14:51:38,,,102.0,,,,,,,,,,,,,,,,,,,,,,,,,,,,,,,,,,,,,,0,102.0,102.0,588.2352941176471,"(3.910260993246169, 0.7698336750110771)",4.2657742293046566,mediumseagreen
2023-06-28 14:51:39,,,102.0,,,,,,,,,,,,,,,,,,,,,,,,,,,,,,,,,,,,,,0,102.0,102.0,588.2352941176471,"(3.910260993246169, 0.7698336750110771)",4.2657742293046566,mediumseagreen
2023-06-28 14:51:40,,,102.0,,,,,,,,,,,,,,,,,,,,,,,,,,,,,,,,,,,,,,0,102.0,102.0,588.2352941176471,"(3.910260993246169, 0.7698336750110771)",4.2657742293046566,mediumseagreen
2023-06-28 14:51:41,,,103.0,,,,,,,,,,,,,,,,,,,,,,,,,,,,,,,,,,,,,,0,103.0,103.0,582.5242718446602,"(3.910260993246169, 0.7698336750110771)",4.2657742293046566,mediumseagreen
2023-06-28 14:51:42,,,104.0,,,,,,,,,,,,,,,,,,,,,,,,,,,,,,,,,,,,,,0,104.0,104.0,576.9230769230769,"(3.910260993246169, 0.7698336750110771)",4.2657742293046566,mediumseagreen
2023-06-28 14:51:43,,,105.0,,,,,,,,,,,,,,,,,,,,,,,,,,,,,,,,,,,,,,0,105.0,105.0,571.4285714285714,"(3.910260993246169, 0.7698336750110771)",4.2657742293046566,mediumseagreen
2023-06-28 14:51:44,,,105.0,,,,,,,,,,,,,,,,,,,,,,,,,,,,,,,,,,,,,,0,105.0,105.0,571.4285714285714,"(3.910260993246169, 0.7698336750110771)",4.2657742293046566,mediumseagreen
2023-06-28 14:51:45,,,106.0,,,,,,,,,,,,,,,,,,,,,,,,,,,,,,,,,,,,,,0,106.0,106.0,566.0377358490566,"(3.910260993246169, 0.7698336750110771)",4.0742669692717435,mediumseagreen
2023-06-28 14:51:46,,,110.0,,,,,,,,,,,,,,,,,,,,,,,,,,,,,,,,,,,,,,0,110.0,110.0,545.4545454545455,"(3.910260993246169, 0.7698336750110771)",4.0742669692717435,mediumseagreen
2023-06-28 14:51:47,,,111.0,,,,,,,,,,,,,,,,,,,,,,,,,,,,,,,,,,,,,,0,111.0,111.0,540.5405405405405,"(3.910260993246169, 0.7698336750110771)",4.0742669692717435,mediumseagreen
2023-06-28 14:51:48,,,112.0,,,,,,,,,,,,,,,,,,,,,,,,,,,,,,,,,,,,,,0,112.0,112.0,535.7142857142857,"(3.910260993246169, 0.7698336750110771)",4.0742669692717435,mediumseagreen
2023-06-28 14:51:49,,,112.0,,,,,,,,,,,,,,,,,,,,,,,,,,,,,,,,,,,,,,0,112.0,112.0,535.7142857142857,"(3.910260993246169, 0.7698336750110771)",4.0742669692717435,mediumseagreen
2023-06-28 14:51:50,,,112.0,,,,,,,,,,,,,,,,,,,,,,,,,,,,,,,,,,,,,,0,112.0,112.0,535.7142857142857,"(3.910260993246169, 0.7698336750110771)",4.0742669692717435,mediumseagreen
2023-06-28 14:51:51,,,113.0,,,,,,,,,,,,,,,,,,,,,,,,,,,,,,,,,,,,,,0,113.0,113.0,530.9734513274336,"(3.910260993246169, 0.7698336750110771)",4.0742669692717435,mediumseagreen
2023-06-28 14:51:52,,,113.0,,,,,,,,,,,,,,,,,,,,,,,,,,,,,,,,,,,,,,0,113.0,113.0,530.9734513274336,"(3.910260993246169, 0.7698336750110771)",4.0742669692717435,mediumseagreen
2023-06-28 14:51:53,,,113.0,,,,,,,,,,,,,,,,,,,,,,,,,,,,,,,,,,,,,,0,113.0,113.0,530.9734513274336,"(3.910260993246169, 0.7698336750110771)",4.0742669692717435,mediumseagreen
2023-06-28 14:51:54,,,113.0,,,,,,,,,,,,,,,,,,,,,,,,,,,,,,,,,,,,,,0,113.0,113.0,530.9734513274336,"(3.910260993246169, 0.7698336750110771)",4.0742669692717435,mediumseagreen
2023-06-28 14:51:55,,,113.0,,,,,,,,,,,,,,,,,,,,,,,,,,,,,,,,,,,,,,0,113.0,113.0,530.9734513274336,"(3.910260993246169, 0.7698336750110771)",4.0742669692717435,mediumseagreen
2023-06-28 14:51:56,,,113.0,,,,,,,,,,,,,,,,,,,,,,,,,,,,,,,,,,,,,,0,113.0,113.0,530.9734513274336,"(3.910260993246169, 0.7698336750110771)",4.0742669692717435,mediumseagreen
2023-06-28 14:51:57,,,113.0,,,,,,,,,,,,,,,,,,,,,,,,,,,,,,,,,,,,,,0,113.0,113.0,530.9734513274336,"(3.910260993246169, 0.7698336750110771)",4.0742669692717435,mediumseagreen
2023-06-28 14:51:58,,,113.0,,,,,,,,,,,,,,,,,,,,,,,,,,,,,,,,,,,,,,0,113.0,113.0,530.9734513274336,"(3.910260993246169, 0.7698336750110771)",4.0742669692717435,mediumseagreen
2023-06-28 14:51:59,,,113.0,,,,,,,,,,,,,,,,,,,,,,,,,,,,,,,,,,,,,,0,113.0,113.0,530.9734513274336,"(3.910260993246169, 0.7698336750110771)",4.0742669692717435,mediumseagreen
2023-06-28 14:52:00,,,113.0,,,,,,,,,,,,,,,,,,,,,,,,,,,,,,,,,,,,,,0,113.0,113.0,530.9734513274336,"(3.910260993246169, 0.7698336750110771)",4.0742669692717435,mediumseagreen
2023-06-28 14:52:01,,,113.0,,,,,,,,,,,,,,,,,,,,,,,,,,,,,,,,,,,,,,0,113.0,113.0,530.9734513274336,"(3.910260993246169, 0.7698336750110771)",4.0742669692717435,mediumseagreen
2023-06-28 14:52:02,,,114.0,,,,,,,,,,,,,,,,,,,,,,,,,,,,,,,,,,,,,,0,114.0,114.0,526.3157894736842,"(3.910260993246169, 0.7698336750110771)",4.0742669692717435,mediumseagreen
2023-06-28 14:52:03,,,114.0,,,,,,,,,,,,,,,,,,,,,,,,,,,,,,,,,,,,,,0,114.0,114.0,526.3157894736842,"(3.910260993246169, 0.7698336750110771)",4.0742669692717435,mediumseagreen
2023-06-28 14:52:04,,,115.0,,,,,,,,,,,,,,,,,,,,,,,,,,,,,,,,,,,,,,0,115.0,115.0,521.7391304347826,"(3.910260993246169, 0.7698336750110771)",4.0742669692717435,mediumseagreen
2023-06-28 14:52:05,,,115.0,,,,,,,,,,,,,,,,,,,,,,,,,,,,,,,,,,,,,,0,115.0,115.0,521.7391304347826,"(3.910260993246169, 0.7698336750110771)",4.0742669692717435,mediumseagreen
2023-06-28 14:52:06,,,115.0,,,,,,,,,,,,,,,,,,,,,,,,,,,,,,,,,,,,,,0,115.0,115.0,521.7391304347826,"(3.910260993246169, 0.7698336750110771)",4.0742669692717435,mediumseagreen
2023-06-28 14:52:07,,,115.0,,,,,,,,,,,,,,,,,,,,,,,,,,,,,,,,,,,,,,0,115.0,115.0,521.7391304347826,"(3.910260993246169, 0.7698336750110771)",4.0742669692717435,mediumseagreen
2023-06-28 14:52:08,,,115.0,,,,,,,,,,,,,,,,,,,,,,,,,,,,,,,,,,,,,,0,115.0,115.0,521.7391304347826,"(3.910260993246169, 0.7698336750110771)",4.0742669692717435,mediumseagreen
2023-06-28 14:52:09,,,115.0,,,,,,,,,,,,,,,,,,,,,,,,,,,,,,,,,,,,,,0,115.0,115.0,521.7391304347826,"(3.910260993246169, 0.7698336750110771)",4.0742669692717435,mediumseagreen
2023-06-28 14:52:10,,,115.0,,,,,,,,,,,,,,,,,,,,,,,,,,,,,,,,,,,,,,0,115.0,115.0,521.7391304347826,"(3.910260993246169, 0.7698336750110771)",4.0742669692717435,mediumseagreen
2023-06-28 14:52:11,,,114.0,,,,,,,,,,,,,,,,,,,,,,,,,,,,,,,,,,,,,,0,114.0,114.0,526.3157894736842,"(3.910260993246169, 0.7698336750110771)",4.0742669692717435,mediumseagreen
2023-06-28 14:52:12,,,113.0,,,,,,,,,,,,,,,,,,,,,,,,,,,,,,,,,,,,,,0,113.0,113.0,530.9734513274336,"(3.910260993246169, 0.7698336750110771)",4.0742669692717435,mediumseagreen
2023-06-28 14:52:13,,,112.0,,,,,,,,,,,,,,,,,,,,,,,,,,,,,,,,,,,,,,0,112.0,112.0,535.7142857142857,"(3.910260993246169, 0.7698336750110771)",4.0742669692717435,mediumseagreen
2023-06-28 14:52:14,,,112.0,,,,,,,,,,,,,,,,,,,,,,,,,,,,,,,,,,,,,,0,112.0,112.0,535.7142857142857,"(3.910260993246169, 0.7698336750110771)",4.0742669692717435,mediumseagreen
2023-06-28 14:52:15,,,112.0,,,,,,,,,,,,,,,,,,,,,,,,,,,,,,,,,,,,,,0,112.0,112.0,535.7142857142857,"(3.910260993246169, 0.7698336750110771)",3.56141213636565,mediumseagreen
2023-06-28 14:52:16,,,112.0,,,,,,,,,,,,,,,,,,,,,,,,,,,,,,,,,,,,,,0,112.0,112.0,535.7142857142857,"(3.910260993246169, 0.7698336750110771)",3.56141213636565,mediumseagreen
2023-06-28 14:52:17,,,112.0,,,,,,,,,,,,,,,,,,,,,,,,,,,,,,,,,,,,,,0,112.0,112.0,535.7142857142857,"(3.910260993246169, 0.7698336750110771)",3.56141213636565,mediumseagreen
2023-06-28 14:52:18,,,112.0,,,,,,,,,,,,,,,,,,,,,,,,,,,,,,,,,,,,,,0,112.0,112.0,535.7142857142857,"(3.910260993246169, 0.7698336750110771)",3.56141213636565,mediumseagreen
2023-06-28 14:52:19,,,112.0,,,,,,,,,,,,,,,,,,,,,,,,,,,,,,,,,,,,,,0,112.0,112.0,535.7142857142857,"(3.910260993246169, 0.7698336750110771)",3.56141213636565,mediumseagreen
2023-06-28 14:52:20,,,113.0,,,,,,,,,,,,,,,,,,,,,,,,,,,,,,,,,,,,,,0,113.0,113.0,530.9734513274336,"(3.910260993246169, 0.7698336750110771)",3.56141213636565,mediumseagreen
2023-06-28 14:52:21,,,113.0,,,,,,,,,,,,,,,,,,,,,,,,,,,,,,,,,,,,,,0,113.0,113.0,530.9734513274336,"(3.910260993246169, 0.7698336750110771)",3.56141213636565,mediumseagreen
2023-06-28 14:52:22,,,113.0,,,,,,,,,,,,,,,,,,,,,,,,,,,,,,,,,,,,,,0,113.0,113.0,530.9734513274336,"(3.910260993246169, 0.7698336750110771)",3.56141213636565,mediumseagreen
2023-06-28 14:52:23,,,112.0,,,,,,,,,,,,,,,,,,,,,,,,,,,,,,,,,,,,,,0,112.0,112.0,535.7142857142857,"(3.910260993246169, 0.7698336750110771)",3.56141213636565,mediumseagreen
2023-06-28 14:52:24,,,112.0,,,,,,,,,,,,,,,,,,,,,,,,,,,,,,,,,,,,,,0,112.0,112.0,535.7142857142857,"(3.910260993246169, 0.7698336750110771)",3.56141213636565,mediumseagreen
2023-06-28 14:52:25,,,113.0,,,,,,,,,,,,,,,,,,,,,,,,,,,,,,,,,,,,,,0,113.0,113.0,530.9734513274336,"(3.910260993246169, 0.7698336750110771)",3.56141213636565,mediumseagreen
2023-06-28 14:52:26,,,114.0,,,,,,,,,,,,,,,,,,,,,,,,,,,,,,,,,,,,,,0,114.0,114.0,526.3157894736842,"(3.910260993246169, 0.7698336750110771)",3.56141213636565,mediumseagreen
2023-06-28 14:52:27,,,114.0,,,,,,,,,,,,,,,,,,,,,,,,,,,,,,,,,,,,,,0,114.0,114.0,526.3157894736842,"(3.910260993246169, 0.7698336750110771)",3.56141213636565,mediumseagreen
2023-06-28 14:52:28,,,114.0,,,,,,,,,,,,,,,,,,,,,,,,,,,,,,,,,,,,,,0,114.0,114.0,526.3157894736842,"(3.910260993246169, 0.7698336750110771)",3.56141213636565,mediumseagreen
2023-06-28 14:52:29,,,114.0,,,,,,,,,,,,,,,,,,,,,,,,,,,,,,,,,,,,,,0,114.0,114.0,526.3157894736842,"(3.910260993246169, 0.7698336750110771)",3.56141213636565,mediumseagreen
2023-06-28 14:52:30,,,113.0,,,,,,,,,,,,,,,,,,,,,,,,,,,,,,,,,,,,,,0,113.0,113.0,530.9734513274336,"(3.910260993246169, 0.7698336750110771)",3.56141213636565,mediumseagreen
2023-06-28 14:52:31,,,113.0,,,,,,,,,,,,,,,,,,,,,,,,,,,,,,,,,,,,,,0,113.0,113.0,530.9734513274336,"(3.910260993246169, 0.7698336750110771)",3.56141213636565,mediumseagreen
2023-06-28 14:52:32,,,113.0,,,,,,,,,,,,,,,,,,,,,,,,,,,,,,,,,,,,,,0,113.0,113.0,530.9734513274336,"(3.910260993246169, 0.7698336750110771)",3.56141213636565,mediumseagreen
2023-06-28 14:52:33,,,112.0,,,,,,,,,,,,,,,,,,,,,,,,,,,,,,,,,,,,,,0,112.0,112.0,535.7142857142857,"(3.910260993246169, 0.7698336750110771)",3.56141213636565,mediumseagreen
2023-06-28 14:52:34,,,112.0,,,,,,,,,,,,,,,,,,,,,,,,,,,,,,,,,,,,,,0,112.0,112.0,535.7142857142857,"(3.910260993246169, 0.7698336750110771)",3.56141213636565,mediumseagreen
2023-06-28 14:52:35,,,111.0,,,,,,,,,,,,,,,,,,,,,,,,,,,,,,,,,,,,,,0,111.0,111.0,540.5405405405405,"(3.910260993246169, 0.7698336750110771)",3.56141213636565,mediumseagreen
2023-06-28 14:52:36,,,109.0,,,,,,,,,,,,,,,,,,,,,,,,,,,,,,,,,,,,,,0,109.0,109.0,550.4587155963303,"(3.910260993246169, 0.7698336750110771)",3.56141213636565,mediumseagreen
2023-06-28 14:52:37,,,108.0,,,,,,,,,,,,,,,,,,,,,,,,,,,,,,,,,,,,,,0,108.0,108.0,555.5555555555555,"(3.910260993246169, 0.7698336750110771)",3.56141213636565,mediumseagreen
2023-06-28 14:52:38,,,107.0,,,,,,,,,,,,,,,,,,,,,,,,,,,,,,,,,,,,,,0,107.0,107.0,560.7476635514018,"(3.910260993246169, 0.7698336750110771)",3.56141213636565,mediumseagreen
2023-06-28 14:52:39,,,107.0,,,,,,,,,,,,,,,,,,,,,,,,,,,,,,,,,,,,,,0,107.0,107.0,560.7476635514018,"(3.910260993246169, 0.7698336750110771)",3.56141213636565,mediumseagreen
2023-06-28 14:52:40,,,107.0,,,,,,,,,,,,,,,,,,,,,,,,,,,,,,,,,,,,,,0,107.0,107.0,560.7476635514018,"(3.910260993246169, 0.7698336750110771)",3.56141213636565,mediumseagreen
2023-06-28 14:52:41,,,106.0,,,,,,,,,,,,,,,,,,,,,,,,,,,,,,,,,,,,,,0,106.0,106.0,566.0377358490566,"(3.910260993246169, 0.7698336750110771)",3.56141213636565,mediumseagreen
2023-06-28 14:52:42,,,106.0,,,,,,,,,,,,,,,,,,,,,,,,,,,,,,,,,,,,,,0,106.0,106.0,566.0377358490566,"(3.910260993246169, 0.7698336750110771)",3.56141213636565,mediumseagreen
2023-06-28 14:52:43,,,106.0,,,,,,,,,,,,,,,,,,,,,,,,,,,,,,,,,,,,,,0,106.0,106.0,566.0377358490566,"(3.910260993246169, 0.7698336750110771)",3.56141213636565,mediumseagreen
2023-06-28 14:52:44,,,106.0,,,,,,,,,,,,,,,,,,,,,,,,,,,,,,,,,,,,,,0,106.0,106.0,566.0377358490566,"(3.910260993246169, 0.7698336750110771)",3.56141213636565,mediumseagreen
2023-06-28 14:52:45,,,107.0,,,,,,,,,,,,,,,,,,,,,,,,,,,,,,,,,,,,,,0,107.0,107.0,560.7476635514018,"(3.910260993246169, 0.7698336750110771)",3.2068508638844695,mediumseagreen
2023-06-28 14:52:46,,,107.0,,,,,,,,,,,,,,,,,,,,,,,,,,,,,,,,,,,,,,0,107.0,107.0,560.7476635514018,"(3.910260993246169, 0.7698336750110771)",3.2068508638844695,mediumseagreen
2023-06-28 14:52:47,,,107.0,,,,,,,,,,,,,,,,,,,,,,,,,,,,,,,,,,,,,,0,107.0,107.0,560.7476635514018,"(3.910260993246169, 0.7698336750110771)",3.2068508638844695,mediumseagreen
2023-06-28 14:52:48,,,107.0,,,,,,,,,,,,,,,,,,,,,,,,,,,,,,,,,,,,,,0,107.0,107.0,560.7476635514018,"(3.910260993246169, 0.7698336750110771)",3.2068508638844695,mediumseagreen
2023-06-28 14:52:49,,,108.0,,,,,,,,,,,,,,,,,,,,,,,,,,,,,,,,,,,,,,0,108.0,108.0,555.5555555555555,"(3.910260993246169, 0.7698336750110771)",3.2068508638844695,mediumseagreen
2023-06-28 14:52:50,,,108.0,,,,,,,,,,,,,,,,,,,,,,,,,,,,,,,,,,,,,,0,108.0,108.0,555.5555555555555,"(3.910260993246169, 0.7698336750110771)",3.2068508638844695,mediumseagreen
2023-06-28 14:52:51,,,108.0,,,,,,,,,,,,,,,,,,,,,,,,,,,,,,,,,,,,,,0,108.0,108.0,555.5555555555555,"(3.910260993246169, 0.7698336750110771)",3.2068508638844695,mediumseagreen
2023-06-28 14:52:52,,,108.0,,,,,,,,,,,,,,,,,,,,,,,,,,,,,,,,,,,,,,0,108.0,108.0,555.5555555555555,"(3.910260993246169, 0.7698336750110771)",3.2068508638844695,mediumseagreen
2023-06-28 14:52:53,,,108.0,,,,,,,,,,,,,,,,,,,,,,,,,,,,,,,,,,,,,,0,108.0,108.0,555.5555555555555,"(3.910260993246169, 0.7698336750110771)",3.2068508638844695,mediumseagreen
2023-06-28 14:52:54,,,107.0,,,,,,,,,,,,,,,,,,,,,,,,,,,,,,,,,,,,,,0,107.0,107.0,560.7476635514018,"(3.910260993246169, 0.7698336750110771)",3.2068508638844695,mediumseagreen
2023-06-28 14:52:55,,,107.0,,,,,,,,,,,,,,,,,,,,,,,,,,,,,,,,,,,,,,0,107.0,107.0,560.7476635514018,"(3.910260993246169, 0.7698336750110771)",3.2068508638844695,mediumseagreen
2023-06-28 14:52:56,,,107.0,,,,,,,,,,,,,,,,,,,,,,,,,,,,,,,,,,,,,,0,107.0,107.0,560.7476635514018,"(3.910260993246169, 0.7698336750110771)",3.2068508638844695,mediumseagreen
2023-06-28 14:52:57,,,108.0,,,,,,,,,,,,,,,,,,,,,,,,,,,,,,,,,,,,,,0,108.0,108.0,555.5555555555555,"(3.910260993246169, 0.7698336750110771)",3.2068508638844695,mediumseagreen
2023-06-28 14:52:58,,,108.0,,,,,,,,,,,,,,,,,,,,,,,,,,,,,,,,,,,,,,0,108.0,108.0,555.5555555555555,"(3.910260993246169, 0.7698336750110771)",3.2068508638844695,mediumseagreen
2023-06-28 14:52:59,,,108.0,,,,,,,,,,,,,,,,,,,,,,,,,,,,,,,,,,,,,,0,108.0,108.0,555.5555555555555,"(3.910260993246169, 0.7698336750110771)",3.2068508638844695,mediumseagreen
2023-06-28 14:53:00,,,108.0,,,,,,,,,,,,,,,,,,,,,,,,,,,,,,,,,,,,,,0,108.0,108.0,555.5555555555555,"(3.910260993246169, 0.7698336750110771)",3.2068508638844695,mediumseagreen
2023-06-28 14:53:01,,,109.0,,,,,,,,,,,,,,,,,,,,,,,,,,,,,,,,,,,,,,0,109.0,109.0,550.4587155963303,"(3.910260993246169, 0.7698336750110771)",3.2068508638844695,mediumseagreen
2023-06-28 14:53:02,,,109.0,,,,,,,,,,,,,,,,,,,,,,,,,,,,,,,,,,,,,,0,109.0,109.0,550.4587155963303,"(3.910260993246169, 0.7698336750110771)",3.2068508638844695,mediumseagreen
2023-06-28 14:53:03,,,109.0,,,,,,,,,,,,,,,,,,,,,,,,,,,,,,,,,,,,,,0,109.0,109.0,550.4587155963303,"(3.910260993246169, 0.7698336750110771)",3.2068508638844695,mediumseagreen
2023-06-28 14:53:04,,,109.0,,,,,,,,,,,,,,,,,,,,,,,,,,,,,,,,,,,,,,0,109.0,109.0,550.4587155963303,"(3.910260993246169, 0.7698336750110771)",3.2068508638844695,mediumseagreen
2023-06-28 14:53:05,,,109.0,,,,,,,,,,,,,,,,,,,,,,,,,,,,,,,,,,,,,,0,109.0,109.0,550.4587155963303,"(3.910260993246169, 0.7698336750110771)",3.2068508638844695,mediumseagreen
2023-06-28 14:53:06,,,109.0,,,,,,,,,,,,,,,,,,,,,,,,,,,,,,,,,,,,,,0,109.0,109.0,550.4587155963303,"(3.910260993246169, 0.7698336750110771)",3.2068508638844695,mediumseagreen
2023-06-28 14:53:07,,,108.0,,,,,,,,,,,,,,,,,,,,,,,,,,,,,,,,,,,,,,0,108.0,108.0,555.5555555555555,"(3.910260993246169, 0.7698336750110771)",3.2068508638844695,mediumseagreen
2023-06-28 14:53:08,,,108.0,,,,,,,,,,,,,,,,,,,,,,,,,,,,,,,,,,,,,,0,108.0,108.0,555.5555555555555,"(3.910260993246169, 0.7698336750110771)",3.2068508638844695,mediumseagreen
2023-06-28 14:53:09,,,107.0,,,,,,,,,,,,,,,,,,,,,,,,,,,,,,,,,,,,,,0,107.0,107.0,560.7476635514018,"(3.910260993246169, 0.7698336750110771)",3.2068508638844695,mediumseagreen
2023-06-28 14:53:10,,,106.0,,,,,,,,,,,,,,,,,,,,,,,,,,,,,,,,,,,,,,0,106.0,106.0,566.0377358490566,"(3.910260993246169, 0.7698336750110771)",3.2068508638844695,mediumseagreen
2023-06-28 14:53:11,,,106.0,,,,,,,,,,,,,,,,,,,,,,,,,,,,,,,,,,,,,,0,106.0,106.0,566.0377358490566,"(3.910260993246169, 0.7698336750110771)",3.2068508638844695,mediumseagreen
2023-06-28 14:53:12,,,105.0,,,,,,,,,,,,,,,,,,,,,,,,,,,,,,,,,,,,,,0,105.0,105.0,571.4285714285714,"(3.910260993246169, 0.7698336750110771)",3.2068508638844695,mediumseagreen
2023-06-28 14:53:13,,,105.0,,,,,,,,,,,,,,,,,,,,,,,,,,,,,,,,,,,,,,0,105.0,105.0,571.4285714285714,"(3.910260993246169, 0.7698336750110771)",3.2068508638844695,mediumseagreen
2023-06-28 14:53:14,,,105.0,,,,,,,,,,,,,,,,,,,,,,,,,,,,,,,,,,,,,,0,105.0,105.0,571.4285714285714,"(3.910260993246169, 0.7698336750110771)",3.2068508638844695,mediumseagreen
2023-06-28 14:53:15,,,105.0,,,,,,,,,,,,,,,,,,,,,,,,,,,,,,,,,,,,,,0,105.0,105.0,571.4285714285714,"(3.910260993246169, 0.7698336750110771)",3.7562059817652127,mediumseagreen
2023-06-28 14:53:16,,,106.0,,,,,,,,,,,,,,,,,,,,,,,,,,,,,,,,,,,,,,0,106.0,106.0,566.0377358490566,"(3.910260993246169, 0.7698336750110771)",3.7562059817652127,mediumseagreen
2023-06-28 14:53:17,,,106.0,,,,,,,,,,,,,,,,,,,,,,,,,,,,,,,,,,,,,,0,106.0,106.0,566.0377358490566,"(3.910260993246169, 0.7698336750110771)",3.7562059817652127,mediumseagreen
2023-06-28 14:53:18,,,106.0,,,,,,,,,,,,,,,,,,,,,,,,,,,,,,,,,,,,,,0,106.0,106.0,566.0377358490566,"(3.910260993246169, 0.7698336750110771)",3.7562059817652127,mediumseagreen
2023-06-28 14:53:19,,,107.0,,,,,,,,,,,,,,,,,,,,,,,,,,,,,,,,,,,,,,0,107.0,107.0,560.7476635514018,"(3.910260993246169, 0.7698336750110771)",3.7562059817652127,mediumseagreen
2023-06-28 14:53:20,,,107.0,,,,,,,,,,,,,,,,,,,,,,,,,,,,,,,,,,,,,,0,107.0,107.0,560.7476635514018,"(3.910260993246169, 0.7698336750110771)",3.7562059817652127,mediumseagreen
2023-06-28 14:53:21,,,108.0,,,,,,,,,,,,,,,,,,,,,,,,,,,,,,,,,,,,,,0,108.0,108.0,555.5555555555555,"(3.910260993246169, 0.7698336750110771)",3.7562059817652127,mediumseagreen
2023-06-28 14:53:22,,,108.0,,,,,,,,,,,,,,,,,,,,,,,,,,,,,,,,,,,,,,0,108.0,108.0,555.5555555555555,"(3.910260993246169, 0.7698336750110771)",3.7562059817652127,mediumseagreen
2023-06-28 14:53:23,,,108.0,,,,,,,,,,,,,,,,,,,,,,,,,,,,,,,,,,,,,,0,108.0,108.0,555.5555555555555,"(3.910260993246169, 0.7698336750110771)",3.7562059817652127,mediumseagreen
2023-06-28 14:53:24,,,108.0,,,,,,,,,,,,,,,,,,,,,,,,,,,,,,,,,,,,,,0,108.0,108.0,555.5555555555555,"(3.910260993246169, 0.7698336750110771)",3.7562059817652127,mediumseagreen
2023-06-28 14:53:25,,,108.0,,,,,,,,,,,,,,,,,,,,,,,,,,,,,,,,,,,,,,0,108.0,108.0,555.5555555555555,"(3.910260993246169, 0.7698336750110771)",3.7562059817652127,mediumseagreen
2023-06-28 14:53:26,,,108.0,,,,,,,,,,,,,,,,,,,,,,,,,,,,,,,,,,,,,,0,108.0,108.0,555.5555555555555,"(3.910260993246169, 0.7698336750110771)",3.7562059817652127,mediumseagreen
2023-06-28 14:53:27,,,108.0,,,,,,,,,,,,,,,,,,,,,,,,,,,,,,,,,,,,,,0,108.0,108.0,555.5555555555555,"(3.910260993246169, 0.7698336750110771)",3.7562059817652127,mediumseagreen
2023-06-28 14:53:28,,,107.0,,,,,,,,,,,,,,,,,,,,,,,,,,,,,,,,,,,,,,0,107.0,107.0,560.7476635514018,"(3.910260993246169, 0.7698336750110771)",3.7562059817652127,mediumseagreen
2023-06-28 14:53:29,,,107.0,,,,,,,,,,,,,,,,,,,,,,,,,,,,,,,,,,,,,,0,107.0,107.0,560.7476635514018,"(3.910260993246169, 0.7698336750110771)",3.7562059817652127,mediumseagreen
2023-06-28 14:53:30,,,107.0,,,,,,,,,,,,,,,,,,,,,,,,,,,,,,,,,,,,,,0,107.0,107.0,560.7476635514018,"(3.910260993246169, 0.7698336750110771)",3.7562059817652127,mediumseagreen
2023-06-28 14:53:31,,,107.0,,,,,,,,,,,,,,,,,,,,,,,,,,,,,,,,,,,,,,0,107.0,107.0,560.7476635514018,"(3.910260993246169, 0.7698336750110771)",3.7562059817652127,mediumseagreen
2023-06-28 14:53:32,,,108.0,,,,,,,,,,,,,,,,,,,,,,,,,,,,,,,,,,,,,,0,108.0,108.0,555.5555555555555,"(3.910260993246169, 0.7698336750110771)",3.7562059817652127,mediumseagreen
2023-06-28 14:53:33,,,108.0,,,,,,,,,,,,,,,,,,,,,,,,,,,,,,,,,,,,,,0,108.0,108.0,555.5555555555555,"(3.910260993246169, 0.7698336750110771)",3.7562059817652127,mediumseagreen
2023-06-28 14:53:34,,,108.0,,,,,,,,,,,,,,,,,,,,,,,,,,,,,,,,,,,,,,0,108.0,108.0,555.5555555555555,"(3.910260993246169, 0.7698336750110771)",3.7562059817652127,mediumseagreen
2023-06-28 14:53:35,,,108.0,,,,,,,,,,,,,,,,,,,,,,,,,,,,,,,,,,,,,,0,108.0,108.0,555.5555555555555,"(3.910260993246169, 0.7698336750110771)",3.7562059817652127,mediumseagreen
2023-06-28 14:53:36,,,107.0,,,,,,,,,,,,,,,,,,,,,,,,,,,,,,,,,,,,,,0,107.0,107.0,560.7476635514018,"(3.910260993246169, 0.7698336750110771)",3.7562059817652127,mediumseagreen
2023-06-28 14:53:37,,,106.0,,,,,,,,,,,,,,,,,,,,,,,,,,,,,,,,,,,,,,0,106.0,106.0,566.0377358490566,"(3.910260993246169, 0.7698336750110771)",3.7562059817652127,mediumseagreen
2023-06-28 14:53:38,,,106.0,,,,,,,,,,,,,,,,,,,,,,,,,,,,,,,,,,,,,,0,106.0,106.0,566.0377358490566,"(3.910260993246169, 0.7698336750110771)",3.7562059817652127,mediumseagreen
2023-06-28 14:53:39,,,106.0,,,,,,,,,,,,,,,,,,,,,,,,,,,,,,,,,,,,,,0,106.0,106.0,566.0377358490566,"(3.910260993246169, 0.7698336750110771)",3.7562059817652127,mediumseagreen
2023-06-28 14:53:40,,,105.0,,,,,,,,,,,,,,,,,,,,,,,,,,,,,,,,,,,,,,0,105.0,105.0,571.4285714285714,"(3.910260993246169, 0.7698336750110771)",3.7562059817652127,mediumseagreen
2023-06-28 14:53:41,,,104.0,,,,,,,,,,,,,,,,,,,,,,,,,,,,,,,,,,,,,,0,104.0,104.0,576.9230769230769,"(3.910260993246169, 0.7698336750110771)",3.7562059817652127,mediumseagreen
2023-06-28 14:53:42,,,104.0,,,,,,,,,,,,,,,,,,,,,,,,,,,,,,,,,,,,,,0,104.0,104.0,576.9230769230769,"(3.910260993246169, 0.7698336750110771)",3.7562059817652127,mediumseagreen
2023-06-28 14:53:43,,,103.0,,,,,,,,,,,,,,,,,,,,,,,,,,,,,,,,,,,,,,0,103.0,103.0,582.5242718446602,"(3.910260993246169, 0.7698336750110771)",3.7562059817652127,mediumseagreen
2023-06-28 14:53:44,,,101.0,,,,,,,,,,,,,,,,,,,,,,,,,,,,,,,,,,,,,,0,101.0,101.0,594.059405940594,"(3.910260993246169, 0.7698336750110771)",3.7562059817652127,mediumseagreen
2023-06-28 14:53:45,,,101.0,,,,,,,,,,,,,,,,,,,,,,,,,,,,,,,,,,,,,,0,101.0,101.0,594.059405940594,"(3.910260993246169, 0.7698336750110771)",4.275165058425159,mediumseagreen
2023-06-28 14:53:46,,,101.0,,,,,,,,,,,,,,,,,,,,,,,,,,,,,,,,,,,,,,0,101.0,101.0,594.059405940594,"(3.910260993246169, 0.7698336750110771)",4.275165058425159,mediumseagreen
2023-06-28 14:53:47,,,100.0,,,,,,,,,,,,,,,,,,,,,,,,,,,,,,,,,,,,,,0,100.0,100.0,600.0,"(3.910260993246169, 0.7698336750110771)",4.275165058425159,mediumseagreen
2023-06-28 14:53:48,,,99.0,,,,,,,,,,,,,,,,,,,,,,,,,,,,,,,,,,,,,,0,99.0,99.0,606.060606060606,"(3.910260993246169, 0.7698336750110771)",4.275165058425159,mediumseagreen
2023-06-28 14:53:49,,,99.0,,,,,,,,,,,,,,,,,,,,,,,,,,,,,,,,,,,,,,0,99.0,99.0,606.060606060606,"(3.910260993246169, 0.7698336750110771)",4.275165058425159,mediumseagreen
2023-06-28 14:53:50,,,98.0,,,,,,,,,,,,,,,,,,,,,,,,,,,,,,,,,,,,,,0,98.0,98.0,612.2448979591836,"(3.910260993246169, 0.7698336750110771)",4.275165058425159,mediumseagreen
2023-06-28 14:53:51,,,98.0,,,,,,,,,,,,,,,,,,,,,,,,,,,,,,,,,,,,,,0,98.0,98.0,612.2448979591836,"(3.910260993246169, 0.7698336750110771)",4.275165058425159,mediumseagreen
2023-06-28 14:53:52,,,97.0,,,,,,,,,,,,,,,,,,,,,,,,,,,,,,,,,,,,,,0,97.0,97.0,618.5567010309278,"(3.910260993246169, 0.7698336750110771)",4.275165058425159,mediumseagreen
2023-06-28 14:53:53,,,97.0,,,,,,,,,,,,,,,,,,,,,,,,,,,,,,,,,,,,,,0,97.0,97.0,618.5567010309278,"(3.910260993246169, 0.7698336750110771)",4.275165058425159,mediumseagreen
2023-06-28 14:53:54,,,97.0,,,,,,,,,,,,,,,,,,,,,,,,,,,,,,,,,,,,,,0,97.0,97.0,618.5567010309278,"(3.910260993246169, 0.7698336750110771)",4.275165058425159,mediumseagreen
2023-06-28 14:53:55,,,97.0,,,,,,,,,,,,,,,,,,,,,,,,,,,,,,,,,,,,,,0,97.0,97.0,618.5567010309278,"(3.910260993246169, 0.7698336750110771)",4.275165058425159,mediumseagreen
2023-06-28 14:53:56,,,97.0,,,,,,,,,,,,,,,,,,,,,,,,,,,,,,,,,,,,,,0,97.0,97.0,618.5567010309278,"(3.910260993246169, 0.7698336750110771)",4.275165058425159,mediumseagreen
2023-06-28 14:53:57,,,96.0,,,,,,,,,,,,,,,,,,,,,,,,,,,,,,,,,,,,,,0,96.0,96.0,625.0,"(3.910260993246169, 0.7698336750110771)",4.275165058425159,mediumseagreen
2023-06-28 14:53:58,,,96.0,,,,,,,,,,,,,,,,,,,,,,,,,,,,,,,,,,,,,,0,96.0,96.0,625.0,"(3.910260993246169, 0.7698336750110771)",4.275165058425159,mediumseagreen
2023-06-28 14:53:59,,,97.0,,,,,,,,,,,,,,,,,,,,,,,,,,,,,,,,,,,,,,0,97.0,97.0,618.5567010309278,"(3.910260993246169, 0.7698336750110771)",4.275165058425159,mediumseagreen
2023-06-28 14:54:00,,,98.0,,,,,,,,,,,,,,,,,,,,,,,,,,,,,,,,,,,,,,0,98.0,98.0,612.2448979591836,"(3.910260993246169, 0.7698336750110771)",4.275165058425159,mediumseagreen
2023-06-28 14:54:01,,,99.0,,,,,,,,,,,,,,,,,,,,,,,,,,,,,,,,,,,,,,0,99.0,99.0,606.060606060606,"(3.910260993246169, 0.7698336750110771)",4.275165058425159,mediumseagreen
2023-06-28 14:54:02,,,99.0,,,,,,,,,,,,,,,,,,,,,,,,,,,,,,,,,,,,,,0,99.0,99.0,606.060606060606,"(3.910260993246169, 0.7698336750110771)",4.275165058425159,mediumseagreen
2023-06-28 14:54:03,,,100.0,,,,,,,,,,,,,,,,,,,,,,,,,,,,,,,,,,,,,,0,100.0,100.0,600.0,"(3.910260993246169, 0.7698336750110771)",4.275165058425159,mediumseagreen
2023-06-28 14:54:04,,,102.0,,,,,,,,,,,,,,,,,,,,,,,,,,,,,,,,,,,,,,0,102.0,102.0,588.2352941176471,"(3.910260993246169, 0.7698336750110771)",4.275165058425159,mediumseagreen
2023-06-28 14:54:05,,,103.0,,,,,,,,,,,,,,,,,,,,,,,,,,,,,,,,,,,,,,0,103.0,103.0,582.5242718446602,"(3.910260993246169, 0.7698336750110771)",4.275165058425159,mediumseagreen
2023-06-28 14:54:06,,,104.0,,,,,,,,,,,,,,,,,,,,,,,,,,,,,,,,,,,,,,0,104.0,104.0,576.9230769230769,"(3.910260993246169, 0.7698336750110771)",4.275165058425159,mediumseagreen
2023-06-28 14:54:07,,,105.0,,,,,,,,,,,,,,,,,,,,,,,,,,,,,,,,,,,,,,0,105.0,105.0,571.4285714285714,"(3.910260993246169, 0.7698336750110771)",4.275165058425159,mediumseagreen
2023-06-28 14:54:08,,,105.0,,,,,,,,,,,,,,,,,,,,,,,,,,,,,,,,,,,,,,0,105.0,105.0,571.4285714285714,"(3.910260993246169, 0.7698336750110771)",4.275165058425159,mediumseagreen
2023-06-28 14:54:09,,,105.0,,,,,,,,,,,,,,,,,,,,,,,,,,,,,,,,,,,,,,0,105.0,105.0,571.4285714285714,"(3.910260993246169, 0.7698336750110771)",4.275165058425159,mediumseagreen
2023-06-28 14:54:10,,,104.0,,,,,,,,,,,,,,,,,,,,,,,,,,,,,,,,,,,,,,0,104.0,104.0,576.9230769230769,"(3.910260993246169, 0.7698336750110771)",4.275165058425159,mediumseagreen
2023-06-28 14:54:11,,,104.0,,,,,,,,,,,,,,,,,,,,,,,,,,,,,,,,,,,,,,0,104.0,104.0,576.9230769230769,"(3.910260993246169, 0.7698336750110771)",4.275165058425159,mediumseagreen
2023-06-28 14:54:12,,,104.0,,,,,,,,,,,,,,,,,,,,,,,,,,,,,,,,,,,,,,0,104.0,104.0,576.9230769230769,"(3.910260993246169, 0.7698336750110771)",4.275165058425159,mediumseagreen
2023-06-28 14:54:13,,,104.0,,,,,,,,,,,,,,,,,,,,,,,,,,,,,,,,,,,,,,0,104.0,104.0,576.9230769230769,"(3.910260993246169, 0.7698336750110771)",4.275165058425159,mediumseagreen
2023-06-28 14:54:14,,,103.0,,,,,,,,,,,,,,,,,,,,,,,,,,,,,,,,,,,,,,0,103.0,103.0,582.5242718446602,"(3.910260993246169, 0.7698336750110771)",4.275165058425159,mediumseagreen
2023-06-28 14:54:15,,,103.0,,,,,,,,,,,,,,,,,,,,,,,,,,,,,,,,,,,,,,0,103.0,103.0,582.5242718446602,"(3.910260993246169, 0.7698336750110771)",3.9757970788678274,mediumseagreen
2023-06-28 14:54:16,,,103.0,,,,,,,,,,,,,,,,,,,,,,,,,,,,,,,,,,,,,,0,103.0,103.0,582.5242718446602,"(3.910260993246169, 0.7698336750110771)",3.9757970788678274,mediumseagreen
2023-06-28 14:54:17,,,102.0,,,,,,,,,,,,,,,,,,,,,,,,,,,,,,,,,,,,,,0,102.0,102.0,588.2352941176471,"(3.910260993246169, 0.7698336750110771)",3.9757970788678274,mediumseagreen
2023-06-28 14:54:18,,,101.0,,,,,,,,,,,,,,,,,,,,,,,,,,,,,,,,,,,,,,0,101.0,101.0,594.059405940594,"(3.910260993246169, 0.7698336750110771)",3.9757970788678274,mediumseagreen
2023-06-28 14:54:19,,,100.0,,,,,,,,,,,,,,,,,,,,,,,,,,,,,,,,,,,,,,0,100.0,100.0,600.0,"(3.910260993246169, 0.7698336750110771)",3.9757970788678274,mediumseagreen
2023-06-28 14:54:20,,,100.0,,,,,,,,,,,,,,,,,,,,,,,,,,,,,,,,,,,,,,0,100.0,100.0,600.0,"(3.910260993246169, 0.7698336750110771)",3.9757970788678274,mediumseagreen
2023-06-28 14:54:21,,,100.0,,,,,,,,,,,,,,,,,,,,,,,,,,,,,,,,,,,,,,0,100.0,100.0,600.0,"(3.910260993246169, 0.7698336750110771)",3.9757970788678274,mediumseagreen
2023-06-28 14:54:22,,,101.0,,,,,,,,,,,,,,,,,,,,,,,,,,,,,,,,,,,,,,0,101.0,101.0,594.059405940594,"(3.910260993246169, 0.7698336750110771)",3.9757970788678274,mediumseagreen
2023-06-28 14:54:23,,,101.0,,,,,,,,,,,,,,,,,,,,,,,,,,,,,,,,,,,,,,0,101.0,101.0,594.059405940594,"(3.910260993246169, 0.7698336750110771)",3.9757970788678274,mediumseagreen
2023-06-28 14:54:24,,,101.0,,,,,,,,,,,,,,,,,,,,,,,,,,,,,,,,,,,,,,0,101.0,101.0,594.059405940594,"(3.910260993246169, 0.7698336750110771)",3.9757970788678274,mediumseagreen
2023-06-28 14:54:25,,,102.0,,,,,,,,,,,,,,,,,,,,,,,,,,,,,,,,,,,,,,0,102.0,102.0,588.2352941176471,"(3.910260993246169, 0.7698336750110771)",3.9757970788678274,mediumseagreen
2023-06-28 14:54:26,,,103.0,,,,,,,,,,,,,,,,,,,,,,,,,,,,,,,,,,,,,,0,103.0,103.0,582.5242718446602,"(3.910260993246169, 0.7698336750110771)",3.9757970788678274,mediumseagreen
2023-06-28 14:54:27,,,103.0,,,,,,,,,,,,,,,,,,,,,,,,,,,,,,,,,,,,,,0,103.0,103.0,582.5242718446602,"(3.910260993246169, 0.7698336750110771)",3.9757970788678274,mediumseagreen
2023-06-28 14:54:28,,,104.0,,,,,,,,,,,,,,,,,,,,,,,,,,,,,,,,,,,,,,0,104.0,104.0,576.9230769230769,"(3.910260993246169, 0.7698336750110771)",3.9757970788678274,mediumseagreen
2023-06-28 14:54:29,,,105.0,,,,,,,,,,,,,,,,,,,,,,,,,,,,,,,,,,,,,,0,105.0,105.0,571.4285714285714,"(3.910260993246169, 0.7698336750110771)",3.9757970788678274,mediumseagreen
2023-06-28 14:54:30,,,106.0,,,,,,,,,,,,,,,,,,,,,,,,,,,,,,,,,,,,,,0,106.0,106.0,566.0377358490566,"(3.910260993246169, 0.7698336750110771)",3.9757970788678274,mediumseagreen
2023-06-28 14:54:31,,,106.0,,,,,,,,,,,,,,,,,,,,,,,,,,,,,,,,,,,,,,0,106.0,106.0,566.0377358490566,"(3.910260993246169, 0.7698336750110771)",3.9757970788678274,mediumseagreen
2023-06-28 14:54:32,,,106.0,,,,,,,,,,,,,,,,,,,,,,,,,,,,,,,,,,,,,,0,106.0,106.0,566.0377358490566,"(3.910260993246169, 0.7698336750110771)",3.9757970788678274,mediumseagreen
2023-06-28 14:54:33,,,107.0,,,,,,,,,,,,,,,,,,,,,,,,,,,,,,,,,,,,,,0,107.0,107.0,560.7476635514018,"(3.910260993246169, 0.7698336750110771)",3.9757970788678274,mediumseagreen
2023-06-28 14:54:34,,,108.0,,,,,,,,,,,,,,,,,,,,,,,,,,,,,,,,,,,,,,0,108.0,108.0,555.5555555555555,"(3.910260993246169, 0.7698336750110771)",3.9757970788678274,mediumseagreen
2023-06-28 14:54:35,,,109.0,,,,,,,,,,,,,,,,,,,,,,,,,,,,,,,,,,,,,,0,109.0,109.0,550.4587155963303,"(3.910260993246169, 0.7698336750110771)",3.9757970788678274,mediumseagreen
2023-06-28 14:54:36,,,109.0,,,,,,,,,,,,,,,,,,,,,,,,,,,,,,,,,,,,,,0,109.0,109.0,550.4587155963303,"(3.910260993246169, 0.7698336750110771)",3.9757970788678274,mediumseagreen
2023-06-28 14:54:37,,,109.0,,,,,,,,,,,,,,,,,,,,,,,,,,,,,,,,,,,,,,0,109.0,109.0,550.4587155963303,"(3.910260993246169, 0.7698336750110771)",3.9757970788678274,mediumseagreen
2023-06-28 14:54:38,,,109.0,,,,,,,,,,,,,,,,,,,,,,,,,,,,,,,,,,,,,,0,109.0,109.0,550.4587155963303,"(3.910260993246169, 0.7698336750110771)",3.9757970788678274,mediumseagreen
2023-06-28 14:54:39,,,109.0,,,,,,,,,,,,,,,,,,,,,,,,,,,,,,,,,,,,,,0,109.0,109.0,550.4587155963303,"(3.910260993246169, 0.7698336750110771)",3.9757970788678274,mediumseagreen
2023-06-28 14:54:40,,,108.0,,,,,,,,,,,,,,,,,,,,,,,,,,,,,,,,,,,,,,0,108.0,108.0,555.5555555555555,"(3.910260993246169, 0.7698336750110771)",3.9757970788678274,mediumseagreen
2023-06-28 14:54:41,,,107.0,,,,,,,,,,,,,,,,,,,,,,,,,,,,,,,,,,,,,,0,107.0,107.0,560.7476635514018,"(3.910260993246169, 0.7698336750110771)",3.9757970788678274,mediumseagreen
2023-06-28 14:54:42,,,107.0,,,,,,,,,,,,,,,,,,,,,,,,,,,,,,,,,,,,,,0,107.0,107.0,560.7476635514018,"(3.910260993246169, 0.7698336750110771)",3.9757970788678274,mediumseagreen
2023-06-28 14:54:43,,,106.0,,,,,,,,,,,,,,,,,,,,,,,,,,,,,,,,,,,,,,0,106.0,106.0,566.0377358490566,"(3.910260993246169, 0.7698336750110771)",3.9757970788678274,mediumseagreen
2023-06-28 14:54:44,,,106.0,,,,,,,,,,,,,,,,,,,,,,,,,,,,,,,,,,,,,,0,106.0,106.0,566.0377358490566,"(3.910260993246169, 0.7698336750110771)",3.9757970788678274,mediumseagreen
2023-06-28 14:54:45,,,105.0,,,,,,,,,,,,,,,,,,,,,,,,,,,,,,,,,,,,,,0,105.0,105.0,571.4285714285714,"(3.910260993246169, 0.7698336750110771)",3.457020892092047,mediumseagreen
2023-06-28 14:54:46,,,105.0,,,,,,,,,,,,,,,,,,,,,,,,,,,,,,,,,,,,,,0,105.0,105.0,571.4285714285714,"(3.910260993246169, 0.7698336750110771)",3.457020892092047,mediumseagreen
2023-06-28 14:54:47,,,104.0,,,,,,,,,,,,,,,,,,,,,,,,,,,,,,,,,,,,,,0,104.0,104.0,576.9230769230769,"(3.910260993246169, 0.7698336750110771)",3.457020892092047,mediumseagreen
2023-06-28 14:54:48,,,103.0,,,,,,,,,,,,,,,,,,,,,,,,,,,,,,,,,,,,,,0,103.0,103.0,582.5242718446602,"(3.910260993246169, 0.7698336750110771)",3.457020892092047,mediumseagreen
2023-06-28 14:54:49,,,103.0,,,,,,,,,,,,,,,,,,,,,,,,,,,,,,,,,,,,,,0,103.0,103.0,582.5242718446602,"(3.910260993246169, 0.7698336750110771)",3.457020892092047,mediumseagreen
2023-06-28 14:54:50,,,103.0,,,,,,,,,,,,,,,,,,,,,,,,,,,,,,,,,,,,,,0,103.0,103.0,582.5242718446602,"(3.910260993246169, 0.7698336750110771)",3.457020892092047,mediumseagreen
2023-06-28 14:54:51,,,104.0,,,,,,,,,,,,,,,,,,,,,,,,,,,,,,,,,,,,,,0,104.0,104.0,576.9230769230769,"(3.910260993246169, 0.7698336750110771)",3.457020892092047,mediumseagreen
2023-06-28 14:54:52,,,104.0,,,,,,,,,,,,,,,,,,,,,,,,,,,,,,,,,,,,,,0,104.0,104.0,576.9230769230769,"(3.910260993246169, 0.7698336750110771)",3.457020892092047,mediumseagreen
2023-06-28 14:54:53,,,104.0,,,,,,,,,,,,,,,,,,,,,,,,,,,,,,,,,,,,,,0,104.0,104.0,576.9230769230769,"(3.910260993246169, 0.7698336750110771)",3.457020892092047,mediumseagreen
2023-06-28 14:54:54,,,104.0,,,,,,,,,,,,,,,,,,,,,,,,,,,,,,,,,,,,,,0,104.0,104.0,576.9230769230769,"(3.910260993246169, 0.7698336750110771)",3.457020892092047,mediumseagreen
2023-06-28 14:54:55,,,104.0,,,,,,,,,,,,,,,,,,,,,,,,,,,,,,,,,,,,,,0,104.0,104.0,576.9230769230769,"(3.910260993246169, 0.7698336750110771)",3.457020892092047,mediumseagreen
2023-06-28 14:54:56,,,103.0,,,,,,,,,,,,,,,,,,,,,,,,,,,,,,,,,,,,,,0,103.0,103.0,582.5242718446602,"(3.910260993246169, 0.7698336750110771)",3.457020892092047,mediumseagreen
2023-06-28 14:54:57,,,103.0,,,,,,,,,,,,,,,,,,,,,,,,,,,,,,,,,,,,,,0,103.0,103.0,582.5242718446602,"(3.910260993246169, 0.7698336750110771)",3.457020892092047,mediumseagreen
2023-06-28 14:54:58,,,103.0,,,,,,,,,,,,,,,,,,,,,,,,,,,,,,,,,,,,,,0,103.0,103.0,582.5242718446602,"(3.910260993246169, 0.7698336750110771)",3.457020892092047,mediumseagreen
2023-06-28 14:54:59,,,102.0,,,,,,,,,,,,,,,,,,,,,,,,,,,,,,,,,,,,,,0,102.0,102.0,588.2352941176471,"(3.910260993246169, 0.7698336750110771)",3.457020892092047,mediumseagreen
2023-06-28 14:55:00,,,102.0,,,,,,,,,,,,,,,,,,,,,,,,,,,,,,,,,,,,,,0,102.0,102.0,588.2352941176471,"(3.910260993246169, 0.7698336750110771)",3.457020892092047,mediumseagreen
2023-06-28 14:55:01,,,101.0,,,,,,,,,,,,,,,,,,,,,,,,,,,,,,,,,,,,,,0,101.0,101.0,594.059405940594,"(3.910260993246169, 0.7698336750110771)",3.457020892092047,mediumseagreen
2023-06-28 14:55:02,,,100.0,,,,,,,,,,,,,,,,,,,,,,,,,,,,,,,,,,,,,,0,100.0,100.0,600.0,"(3.910260993246169, 0.7698336750110771)",3.457020892092047,mediumseagreen
2023-06-28 14:55:03,,,100.0,,,,,,,,,,,,,,,,,,,,,,,,,,,,,,,,,,,,,,0,100.0,100.0,600.0,"(3.910260993246169, 0.7698336750110771)",3.457020892092047,mediumseagreen
2023-06-28 14:55:04,,,100.0,,,,,,,,,,,,,,,,,,,,,,,,,,,,,,,,,,,,,,0,100.0,100.0,600.0,"(3.910260993246169, 0.7698336750110771)",3.457020892092047,mediumseagreen
2023-06-28 14:55:05,,,100.0,,,,,,,,,,,,,,,,,,,,,,,,,,,,,,,,,,,,,,0,100.0,100.0,600.0,"(3.910260993246169, 0.7698336750110771)",3.457020892092047,mediumseagreen
2023-06-28 14:55:06,,,100.0,,,,,,,,,,,,,,,,,,,,,,,,,,,,,,,,,,,,,,0,100.0,100.0,600.0,"(3.910260993246169, 0.7698336750110771)",3.457020892092047,mediumseagreen
2023-06-28 14:55:07,,,101.0,,,,,,,,,,,,,,,,,,,,,,,,,,,,,,,,,,,,,,0,101.0,101.0,594.059405940594,"(3.910260993246169, 0.7698336750110771)",3.457020892092047,mediumseagreen
2023-06-28 14:55:08,,,101.0,,,,,,,,,,,,,,,,,,,,,,,,,,,,,,,,,,,,,,0,101.0,101.0,594.059405940594,"(3.910260993246169, 0.7698336750110771)",3.457020892092047,mediumseagreen
2023-06-28 14:55:09,,,101.0,,,,,,,,,,,,,,,,,,,,,,,,,,,,,,,,,,,,,,0,101.0,101.0,594.059405940594,"(3.910260993246169, 0.7698336750110771)",3.457020892092047,mediumseagreen
2023-06-28 14:55:10,,,101.0,,,,,,,,,,,,,,,,,,,,,,,,,,,,,,,,,,,,,,0,101.0,101.0,594.059405940594,"(3.910260993246169, 0.7698336750110771)",3.457020892092047,mediumseagreen
2023-06-28 14:55:11,,,101.0,,,,,,,,,,,,,,,,,,,,,,,,,,,,,,,,,,,,,,0,101.0,101.0,594.059405940594,"(3.910260993246169, 0.7698336750110771)",3.457020892092047,mediumseagreen
2023-06-28 14:55:12,,,102.0,,,,,,,,,,,,,,,,,,,,,,,,,,,,,,,,,,,,,,0,102.0,102.0,588.2352941176471,"(3.910260993246169, 0.7698336750110771)",3.457020892092047,mediumseagreen
2023-06-28 14:55:13,,,102.0,,,,,,,,,,,,,,,,,,,,,,,,,,,,,,,,,,,,,,0,102.0,102.0,588.2352941176471,"(3.910260993246169, 0.7698336750110771)",3.457020892092047,mediumseagreen
2023-06-28 14:55:14,,,102.0,,,,,,,,,,,,,,,,,,,,,,,,,,,,,,,,,,,,,,0,102.0,102.0,588.2352941176471,"(3.910260993246169, 0.7698336750110771)",3.457020892092047,mediumseagreen
2023-06-28 14:55:15,,,102.0,,,,,,,,,,,,,,,,,,,,,,,,,,,,,,,,,,,,,,0,102.0,102.0,588.2352941176471,"(3.910260993246169, 0.7698336750110771)",3.662551553701601,mediumseagreen
2023-06-28 14:55:16,,,102.0,,,,,,,,,,,,,,,,,,,,,,,,,,,,,,,,,,,,,,0,102.0,102.0,588.2352941176471,"(3.910260993246169, 0.7698336750110771)",3.662551553701601,mediumseagreen
2023-06-28 14:55:17,,,102.0,,,,,,,,,,,,,,,,,,,,,,,,,,,,,,,,,,,,,,0,102.0,102.0,588.2352941176471,"(3.910260993246169, 0.7698336750110771)",3.662551553701601,mediumseagreen
2023-06-28 14:55:18,,,102.0,,,,,,,,,,,,,,,,,,,,,,,,,,,,,,,,,,,,,,0,102.0,102.0,588.2352941176471,"(3.910260993246169, 0.7698336750110771)",3.662551553701601,mediumseagreen
2023-06-28 14:55:19,,,102.0,,,,,,,,,,,,,,,,,,,,,,,,,,,,,,,,,,,,,,0,102.0,102.0,588.2352941176471,"(3.910260993246169, 0.7698336750110771)",3.662551553701601,mediumseagreen
2023-06-28 14:55:20,,,103.0,,,,,,,,,,,,,,,,,,,,,,,,,,,,,,,,,,,,,,0,103.0,103.0,582.5242718446602,"(3.910260993246169, 0.7698336750110771)",3.662551553701601,mediumseagreen
2023-06-28 14:55:21,,,103.0,,,,,,,,,,,,,,,,,,,,,,,,,,,,,,,,,,,,,,0,103.0,103.0,582.5242718446602,"(3.910260993246169, 0.7698336750110771)",3.662551553701601,mediumseagreen
2023-06-28 14:55:22,,,104.0,,,,,,,,,,,,,,,,,,,,,,,,,,,,,,,,,,,,,,0,104.0,104.0,576.9230769230769,"(3.910260993246169, 0.7698336750110771)",3.662551553701601,mediumseagreen
2023-06-28 14:55:23,,,105.0,,,,,,,,,,,,,,,,,,,,,,,,,,,,,,,,,,,,,,0,105.0,105.0,571.4285714285714,"(3.910260993246169, 0.7698336750110771)",3.662551553701601,mediumseagreen
2023-06-28 14:55:24,,,105.0,,,,,,,,,,,,,,,,,,,,,,,,,,,,,,,,,,,,,,0,105.0,105.0,571.4285714285714,"(3.910260993246169, 0.7698336750110771)",3.662551553701601,mediumseagreen
2023-06-28 14:55:25,,,105.0,,,,,,,,,,,,,,,,,,,,,,,,,,,,,,,,,,,,,,0,105.0,105.0,571.4285714285714,"(3.910260993246169, 0.7698336750110771)",3.662551553701601,mediumseagreen
2023-06-28 14:55:26,,,106.0,,,,,,,,,,,,,,,,,,,,,,,,,,,,,,,,,,,,,,0,106.0,106.0,566.0377358490566,"(3.910260993246169, 0.7698336750110771)",3.662551553701601,mediumseagreen
2023-06-28 14:55:27,,,105.0,,,,,,,,,,,,,,,,,,,,,,,,,,,,,,,,,,,,,,0,105.0,105.0,571.4285714285714,"(3.910260993246169, 0.7698336750110771)",3.662551553701601,mediumseagreen
2023-06-28 14:55:28,,,105.0,,,,,,,,,,,,,,,,,,,,,,,,,,,,,,,,,,,,,,0,105.0,105.0,571.4285714285714,"(3.910260993246169, 0.7698336750110771)",3.662551553701601,mediumseagreen
2023-06-28 14:55:29,,,105.0,,,,,,,,,,,,,,,,,,,,,,,,,,,,,,,,,,,,,,0,105.0,105.0,571.4285714285714,"(3.910260993246169, 0.7698336750110771)",3.662551553701601,mediumseagreen
2023-06-28 14:55:30,,,104.0,,,,,,,,,,,,,,,,,,,,,,,,,,,,,,,,,,,,,,0,104.0,104.0,576.9230769230769,"(3.910260993246169, 0.7698336750110771)",3.662551553701601,mediumseagreen
2023-06-28 14:55:31,,,104.0,,,,,,,,,,,,,,,,,,,,,,,,,,,,,,,,,,,,,,0,104.0,104.0,576.9230769230769,"(3.910260993246169, 0.7698336750110771)",3.662551553701601,mediumseagreen
2023-06-28 14:55:32,,,104.0,,,,,,,,,,,,,,,,,,,,,,,,,,,,,,,,,,,,,,0,104.0,104.0,576.9230769230769,"(3.910260993246169, 0.7698336750110771)",3.662551553701601,mediumseagreen
2023-06-28 14:55:33,,,103.0,,,,,,,,,,,,,,,,,,,,,,,,,,,,,,,,,,,,,,0,103.0,103.0,582.5242718446602,"(3.910260993246169, 0.7698336750110771)",3.662551553701601,mediumseagreen
2023-06-28 14:55:34,,,103.0,,,,,,,,,,,,,,,,,,,,,,,,,,,,,,,,,,,,,,0,103.0,103.0,582.5242718446602,"(3.910260993246169, 0.7698336750110771)",3.662551553701601,mediumseagreen
2023-06-28 14:55:35,,,103.0,,,,,,,,,,,,,,,,,,,,,,,,,,,,,,,,,,,,,,0,103.0,103.0,582.5242718446602,"(3.910260993246169, 0.7698336750110771)",3.662551553701601,mediumseagreen
2023-06-28 14:55:36,,,103.0,,,,,,,,,,,,,,,,,,,,,,,,,,,,,,,,,,,,,,0,103.0,103.0,582.5242718446602,"(3.910260993246169, 0.7698336750110771)",3.662551553701601,mediumseagreen
2023-06-28 14:55:37,,,104.0,,,,,,,,,,,,,,,,,,,,,,,,,,,,,,,,,,,,,,0,104.0,104.0,576.9230769230769,"(3.910260993246169, 0.7698336750110771)",3.662551553701601,mediumseagreen
2023-06-28 14:55:38,,,104.0,,,,,,,,,,,,,,,,,,,,,,,,,,,,,,,,,,,,,,0,104.0,104.0,576.9230769230769,"(3.910260993246169, 0.7698336750110771)",3.662551553701601,mediumseagreen
2023-06-28 14:55:39,,,104.0,,,,,,,,,,,,,,,,,,,,,,,,,,,,,,,,,,,,,,0,104.0,104.0,576.9230769230769,"(3.910260993246169, 0.7698336750110771)",3.662551553701601,mediumseagreen
2023-06-28 14:55:40,,,104.0,,,,,,,,,,,,,,,,,,,,,,,,,,,,,,,,,,,,,,0,104.0,104.0,576.9230769230769,"(3.910260993246169, 0.7698336750110771)",3.662551553701601,mediumseagreen
2023-06-28 14:55:41,,,104.0,,,,,,,,,,,,,,,,,,,,,,,,,,,,,,,,,,,,,,0,104.0,104.0,576.9230769230769,"(3.910260993246169, 0.7698336750110771)",3.662551553701601,mediumseagreen
2023-06-28 14:55:42,,,103.0,,,,,,,,,,,,,,,,,,,,,,,,,,,,,,,,,,,,,,0,103.0,103.0,582.5242718446602,"(3.910260993246169, 0.7698336750110771)",3.662551553701601,mediumseagreen
2023-06-28 14:55:43,,,104.0,,,,,,,,,,,,,,,,,,,,,,,,,,,,,,,,,,,,,,0,104.0,104.0,576.9230769230769,"(3.910260993246169, 0.7698336750110771)",3.662551553701601,mediumseagreen
2023-06-28 14:55:44,,,105.0,,,,,,,,,,,,,,,,,,,,,,,,,,,,,,,,,,,,,,0,105.0,105.0,571.4285714285714,"(3.910260993246169, 0.7698336750110771)",3.662551553701601,mediumseagreen
2023-06-28 14:55:45,,,104.0,,,,,,,,,,,,,,,,,,,,,,,,,,,,,,,,,,,,,,0,104.0,104.0,576.9230769230769,"(3.910260993246169, 0.7698336750110771)",4.117392987744454,mediumseagreen
2023-06-28 14:55:46,,,103.0,,,,,,,,,,,,,,,,,,,,,,,,,,,,,,,,,,,,,,0,103.0,103.0,582.5242718446602,"(3.910260993246169, 0.7698336750110771)",4.117392987744454,mediumseagreen
2023-06-28 14:55:47,,,102.0,,,,,,,,,,,,,,,,,,,,,,,,,,,,,,,,,,,,,,0,102.0,102.0,588.2352941176471,"(3.910260993246169, 0.7698336750110771)",4.117392987744454,mediumseagreen
2023-06-28 14:55:48,,,102.0,,,,,,,,,,,,,,,,,,,,,,,,,,,,,,,,,,,,,,0,102.0,102.0,588.2352941176471,"(3.910260993246169, 0.7698336750110771)",4.117392987744454,mediumseagreen
2023-06-28 14:55:49,,,103.0,,,,,,,,,,,,,,,,,,,,,,,,,,,,,,,,,,,,,,0,103.0,103.0,582.5242718446602,"(3.910260993246169, 0.7698336750110771)",4.117392987744454,mediumseagreen
2023-06-28 14:55:50,,,104.0,,,,,,,,,,,,,,,,,,,,,,,,,,,,,,,,,,,,,,0,104.0,104.0,576.9230769230769,"(3.910260993246169, 0.7698336750110771)",4.117392987744454,mediumseagreen
2023-06-28 14:55:51,,,105.0,,,,,,,,,,,,,,,,,,,,,,,,,,,,,,,,,,,,,,0,105.0,105.0,571.4285714285714,"(3.910260993246169, 0.7698336750110771)",4.117392987744454,mediumseagreen
2023-06-28 14:55:52,,,107.0,,,,,,,,,,,,,,,,,,,,,,,,,,,,,,,,,,,,,,0,107.0,107.0,560.7476635514018,"(3.910260993246169, 0.7698336750110771)",4.117392987744454,mediumseagreen
2023-06-28 14:55:53,,,108.0,,,,,,,,,,,,,,,,,,,,,,,,,,,,,,,,,,,,,,0,108.0,108.0,555.5555555555555,"(3.910260993246169, 0.7698336750110771)",4.117392987744454,mediumseagreen
2023-06-28 14:55:54,,,109.0,,,,,,,,,,,,,,,,,,,,,,,,,,,,,,,,,,,,,,0,109.0,109.0,550.4587155963303,"(3.910260993246169, 0.7698336750110771)",4.117392987744454,mediumseagreen
2023-06-28 14:55:55,,,109.0,,,,,,,,,,,,,,,,,,,,,,,,,,,,,,,,,,,,,,0,109.0,109.0,550.4587155963303,"(3.910260993246169, 0.7698336750110771)",4.117392987744454,mediumseagreen
2023-06-28 14:55:56,,,109.0,,,,,,,,,,,,,,,,,,,,,,,,,,,,,,,,,,,,,,0,109.0,109.0,550.4587155963303,"(3.910260993246169, 0.7698336750110771)",4.117392987744454,mediumseagreen
2023-06-28 14:55:57,,,109.0,,,,,,,,,,,,,,,,,,,,,,,,,,,,,,,,,,,,,,0,109.0,109.0,550.4587155963303,"(3.910260993246169, 0.7698336750110771)",4.117392987744454,mediumseagreen
2023-06-28 14:55:58,,,108.0,,,,,,,,,,,,,,,,,,,,,,,,,,,,,,,,,,,,,,0,108.0,108.0,555.5555555555555,"(3.910260993246169, 0.7698336750110771)",4.117392987744454,mediumseagreen
2023-06-28 14:55:59,,,107.0,,,,,,,,,,,,,,,,,,,,,,,,,,,,,,,,,,,,,,0,107.0,107.0,560.7476635514018,"(3.910260993246169, 0.7698336750110771)",4.117392987744454,mediumseagreen
2023-06-28 14:56:00,,,106.0,,,,,,,,,,,,,,,,,,,,,,,,,,,,,,,,,,,,,,0,106.0,106.0,566.0377358490566,"(3.910260993246169, 0.7698336750110771)",4.117392987744454,mediumseagreen
2023-06-28 14:56:01,,,106.0,,,,,,,,,,,,,,,,,,,,,,,,,,,,,,,,,,,,,,0,106.0,106.0,566.0377358490566,"(3.910260993246169, 0.7698336750110771)",4.117392987744454,mediumseagreen
2023-06-28 14:56:02,,,105.0,,,,,,,,,,,,,,,,,,,,,,,,,,,,,,,,,,,,,,0,105.0,105.0,571.4285714285714,"(3.910260993246169, 0.7698336750110771)",4.117392987744454,mediumseagreen
2023-06-28 14:56:03,,,104.0,,,,,,,,,,,,,,,,,,,,,,,,,,,,,,,,,,,,,,0,104.0,104.0,576.9230769230769,"(3.910260993246169, 0.7698336750110771)",4.117392987744454,mediumseagreen
2023-06-28 14:56:04,,,104.0,,,,,,,,,,,,,,,,,,,,,,,,,,,,,,,,,,,,,,0,104.0,104.0,576.9230769230769,"(3.910260993246169, 0.7698336750110771)",4.117392987744454,mediumseagreen
2023-06-28 14:56:05,,,103.0,,,,,,,,,,,,,,,,,,,,,,,,,,,,,,,,,,,,,,0,103.0,103.0,582.5242718446602,"(3.910260993246169, 0.7698336750110771)",4.117392987744454,mediumseagreen
2023-06-28 14:56:06,,,103.0,,,,,,,,,,,,,,,,,,,,,,,,,,,,,,,,,,,,,,0,103.0,103.0,582.5242718446602,"(3.910260993246169, 0.7698336750110771)",4.117392987744454,mediumseagreen
2023-06-28 14:56:07,,,103.0,,,,,,,,,,,,,,,,,,,,,,,,,,,,,,,,,,,,,,0,103.0,103.0,582.5242718446602,"(3.910260993246169, 0.7698336750110771)",4.117392987744454,mediumseagreen
2023-06-28 14:56:08,,,103.0,,,,,,,,,,,,,,,,,,,,,,,,,,,,,,,,,,,,,,0,103.0,103.0,582.5242718446602,"(3.910260993246169, 0.7698336750110771)",4.117392987744454,mediumseagreen
2023-06-28 14:56:09,,,102.0,,,,,,,,,,,,,,,,,,,,,,,,,,,,,,,,,,,,,,0,102.0,102.0,588.2352941176471,"(3.910260993246169, 0.7698336750110771)",4.117392987744454,mediumseagreen
2023-06-28 14:56:10,,,102.0,,,,,,,,,,,,,,,,,,,,,,,,,,,,,,,,,,,,,,0,102.0,102.0,588.2352941176471,"(3.910260993246169, 0.7698336750110771)",4.117392987744454,mediumseagreen
2023-06-28 14:56:11,,,101.0,,,,,,,,,,,,,,,,,,,,,,,,,,,,,,,,,,,,,,0,101.0,101.0,594.059405940594,"(3.910260993246169, 0.7698336750110771)",4.117392987744454,mediumseagreen
2023-06-28 14:56:12,,,100.0,,,,,,,,,,,,,,,,,,,,,,,,,,,,,,,,,,,,,,0,100.0,100.0,600.0,"(3.910260993246169, 0.7698336750110771)",4.117392987744454,mediumseagreen
2023-06-28 14:56:13,,,100.0,,,,,,,,,,,,,,,,,,,,,,,,,,,,,,,,,,,,,,0,100.0,100.0,600.0,"(3.910260993246169, 0.7698336750110771)",4.117392987744454,mediumseagreen
2023-06-28 14:56:14,,,100.0,,,,,,,,,,,,,,,,,,,,,,,,,,,,,,,,,,,,,,0,100.0,100.0,600.0,"(3.910260993246169, 0.7698336750110771)",4.117392987744454,mediumseagreen
2023-06-28 14:56:15,,,100.0,,,,,,,,,,,,,,,,,,,,,,,,,,,,,,,,,,,,,,0,100.0,100.0,600.0,"(3.910260993246169, 0.7698336750110771)",4.409066310235005,mediumseagreen
2023-06-28 14:56:16,,,101.0,,,,,,,,,,,,,,,,,,,,,,,,,,,,,,,,,,,,,,0,101.0,101.0,594.059405940594,"(3.910260993246169, 0.7698336750110771)",4.409066310235005,mediumseagreen
2023-06-28 14:56:17,,,102.0,,,,,,,,,,,,,,,,,,,,,,,,,,,,,,,,,,,,,,0,102.0,102.0,588.2352941176471,"(3.910260993246169, 0.7698336750110771)",4.409066310235005,mediumseagreen
2023-06-28 14:56:18,,,102.0,,,,,,,,,,,,,,,,,,,,,,,,,,,,,,,,,,,,,,0,102.0,102.0,588.2352941176471,"(3.910260993246169, 0.7698336750110771)",4.409066310235005,mediumseagreen
2023-06-28 14:56:19,,,103.0,,,,,,,,,,,,,,,,,,,,,,,,,,,,,,,,,,,,,,0,103.0,103.0,582.5242718446602,"(3.910260993246169, 0.7698336750110771)",4.409066310235005,mediumseagreen
2023-06-28 14:56:20,,,104.0,,,,,,,,,,,,,,,,,,,,,,,,,,,,,,,,,,,,,,0,104.0,104.0,576.9230769230769,"(3.910260993246169, 0.7698336750110771)",4.409066310235005,mediumseagreen
2023-06-28 14:56:21,,,104.0,,,,,,,,,,,,,,,,,,,,,,,,,,,,,,,,,,,,,,0,104.0,104.0,576.9230769230769,"(3.910260993246169, 0.7698336750110771)",4.409066310235005,mediumseagreen
2023-06-28 14:56:22,,,104.0,,,,,,,,,,,,,,,,,,,,,,,,,,,,,,,,,,,,,,0,104.0,104.0,576.9230769230769,"(3.910260993246169, 0.7698336750110771)",4.409066310235005,mediumseagreen
2023-06-28 14:56:23,,,104.0,,,,,,,,,,,,,,,,,,,,,,,,,,,,,,,,,,,,,,0,104.0,104.0,576.9230769230769,"(3.910260993246169, 0.7698336750110771)",4.409066310235005,mediumseagreen
2023-06-28 14:56:24,,,105.0,,,,,,,,,,,,,,,,,,,,,,,,,,,,,,,,,,,,,,0,105.0,105.0,571.4285714285714,"(3.910260993246169, 0.7698336750110771)",4.409066310235005,mediumseagreen
2023-06-28 14:56:25,,,105.0,,,,,,,,,,,,,,,,,,,,,,,,,,,,,,,,,,,,,,0,105.0,105.0,571.4285714285714,"(3.910260993246169, 0.7698336750110771)",4.409066310235005,mediumseagreen
2023-06-28 14:56:26,,,105.0,,,,,,,,,,,,,,,,,,,,,,,,,,,,,,,,,,,,,,0,105.0,105.0,571.4285714285714,"(3.910260993246169, 0.7698336750110771)",4.409066310235005,mediumseagreen
2023-06-28 14:56:27,,,105.0,,,,,,,,,,,,,,,,,,,,,,,,,,,,,,,,,,,,,,0,105.0,105.0,571.4285714285714,"(3.910260993246169, 0.7698336750110771)",4.409066310235005,mediumseagreen
2023-06-28 14:56:28,,,104.0,,,,,,,,,,,,,,,,,,,,,,,,,,,,,,,,,,,,,,0,104.0,104.0,576.9230769230769,"(3.910260993246169, 0.7698336750110771)",4.409066310235005,mediumseagreen
2023-06-28 14:56:29,,,104.0,,,,,,,,,,,,,,,,,,,,,,,,,,,,,,,,,,,,,,0,104.0,104.0,576.9230769230769,"(3.910260993246169, 0.7698336750110771)",4.409066310235005,mediumseagreen
2023-06-28 14:56:30,,,104.0,,,,,,,,,,,,,,,,,,,,,,,,,,,,,,,,,,,,,,0,104.0,104.0,576.9230769230769,"(3.910260993246169, 0.7698336750110771)",4.409066310235005,mediumseagreen
2023-06-28 14:56:31,,,104.0,,,,,,,,,,,,,,,,,,,,,,,,,,,,,,,,,,,,,,0,104.0,104.0,576.9230769230769,"(3.910260993246169, 0.7698336750110771)",4.409066310235005,mediumseagreen
2023-06-28 14:56:32,,,103.0,,,,,,,,,,,,,,,,,,,,,,,,,,,,,,,,,,,,,,0,103.0,103.0,582.5242718446602,"(3.910260993246169, 0.7698336750110771)",4.409066310235005,mediumseagreen
2023-06-28 14:56:33,,,103.0,,,,,,,,,,,,,,,,,,,,,,,,,,,,,,,,,,,,,,0,103.0,103.0,582.5242718446602,"(3.910260993246169, 0.7698336750110771)",4.409066310235005,mediumseagreen
2023-06-28 14:56:34,,,103.0,,,,,,,,,,,,,,,,,,,,,,,,,,,,,,,,,,,,,,0,103.0,103.0,582.5242718446602,"(3.910260993246169, 0.7698336750110771)",4.409066310235005,mediumseagreen
2023-06-28 14:56:35,,,102.0,,,,,,,,,,,,,,,,,,,,,,,,,,,,,,,,,,,,,,0,102.0,102.0,588.2352941176471,"(3.910260993246169, 0.7698336750110771)",4.409066310235005,mediumseagreen
2023-06-28 14:56:36,,,102.0,,,,,,,,,,,,,,,,,,,,,,,,,,,,,,,,,,,,,,0,102.0,102.0,588.2352941176471,"(3.910260993246169, 0.7698336750110771)",4.409066310235005,mediumseagreen
2023-06-28 14:56:37,,,102.0,,,,,,,,,,,,,,,,,,,,,,,,,,,,,,,,,,,,,,0,102.0,102.0,588.2352941176471,"(3.910260993246169, 0.7698336750110771)",4.409066310235005,mediumseagreen
2023-06-28 14:56:38,,,102.0,,,,,,,,,,,,,,,,,,,,,,,,,,,,,,,,,,,,,,0,102.0,102.0,588.2352941176471,"(3.910260993246169, 0.7698336750110771)",4.409066310235005,mediumseagreen
2023-06-28 14:56:39,,,101.0,,,,,,,,,,,,,,,,,,,,,,,,,,,,,,,,,,,,,,0,101.0,101.0,594.059405940594,"(3.910260993246169, 0.7698336750110771)",4.409066310235005,mediumseagreen
2023-06-28 14:56:40,,,100.0,,,,,,,,,,,,,,,,,,,,,,,,,,,,,,,,,,,,,,0,100.0,100.0,600.0,"(3.910260993246169, 0.7698336750110771)",4.409066310235005,mediumseagreen
2023-06-28 14:56:41,,,99.0,,,,,,,,,,,,,,,,,,,,,,,,,,,,,,,,,,,,,,0,99.0,99.0,606.060606060606,"(3.910260993246169, 0.7698336750110771)",4.409066310235005,mediumseagreen
2023-06-28 14:56:42,,,100.0,,,,,,,,,,,,,,,,,,,,,,,,,,,,,,,,,,,,,,0,100.0,100.0,600.0,"(3.910260993246169, 0.7698336750110771)",4.409066310235005,mediumseagreen
2023-06-28 14:56:43,,,101.0,,,,,,,,,,,,,,,,,,,,,,,,,,,,,,,,,,,,,,0,101.0,101.0,594.059405940594,"(3.910260993246169, 0.7698336750110771)",4.409066310235005,mediumseagreen
2023-06-28 14:56:44,,,101.0,,,,,,,,,,,,,,,,,,,,,,,,,,,,,,,,,,,,,,0,101.0,101.0,594.059405940594,"(3.910260993246169, 0.7698336750110771)",4.409066310235005,mediumseagreen
2023-06-28 14:56:45,,,101.0,,,,,,,,,,,,,,,,,,,,,,,,,,,,,,,,,,,,,,0,101.0,101.0,594.059405940594,"(3.910260993246169, 0.7698336750110771)",4.409358550061521,mediumseagreen
2023-06-28 14:56:46,,,101.0,,,,,,,,,,,,,,,,,,,,,,,,,,,,,,,,,,,,,,0,101.0,101.0,594.059405940594,"(3.910260993246169, 0.7698336750110771)",4.409358550061521,mediumseagreen
2023-06-28 14:56:47,,,102.0,,,,,,,,,,,,,,,,,,,,,,,,,,,,,,,,,,,,,,0,102.0,102.0,588.2352941176471,"(3.910260993246169, 0.7698336750110771)",4.409358550061521,mediumseagreen
2023-06-28 14:56:48,,,103.0,,,,,,,,,,,,,,,,,,,,,,,,,,,,,,,,,,,,,,0,103.0,103.0,582.5242718446602,"(3.910260993246169, 0.7698336750110771)",4.409358550061521,mediumseagreen
2023-06-28 14:56:49,,,104.0,,,,,,,,,,,,,,,,,,,,,,,,,,,,,,,,,,,,,,0,104.0,104.0,576.9230769230769,"(3.910260993246169, 0.7698336750110771)",4.409358550061521,mediumseagreen
2023-06-28 14:56:50,,,107.0,,,,,,,,,,,,,,,,,,,,,,,,,,,,,,,,,,,,,,0,107.0,107.0,560.7476635514018,"(3.910260993246169, 0.7698336750110771)",4.409358550061521,mediumseagreen
2023-06-28 14:56:51,,,109.0,,,,,,,,,,,,,,,,,,,,,,,,,,,,,,,,,,,,,,0,109.0,109.0,550.4587155963303,"(3.910260993246169, 0.7698336750110771)",4.409358550061521,mediumseagreen
2023-06-28 14:56:52,,,109.0,,,,,,,,,,,,,,,,,,,,,,,,,,,,,,,,,,,,,,0,109.0,109.0,550.4587155963303,"(3.910260993246169, 0.7698336750110771)",4.409358550061521,mediumseagreen
2023-06-28 14:56:53,,,110.0,,,,,,,,,,,,,,,,,,,,,,,,,,,,,,,,,,,,,,0,110.0,110.0,545.4545454545455,"(3.910260993246169, 0.7698336750110771)",4.409358550061521,mediumseagreen
2023-06-28 14:56:54,,,111.0,,,,,,,,,,,,,,,,,,,,,,,,,,,,,,,,,,,,,,0,111.0,111.0,540.5405405405405,"(3.910260993246169, 0.7698336750110771)",4.409358550061521,mediumseagreen
2023-06-28 14:56:55,,,111.0,,,,,,,,,,,,,,,,,,,,,,,,,,,,,,,,,,,,,,0,111.0,111.0,540.5405405405405,"(3.910260993246169, 0.7698336750110771)",4.409358550061521,mediumseagreen
2023-06-28 14:56:56,,,111.0,,,,,,,,,,,,,,,,,,,,,,,,,,,,,,,,,,,,,,0,111.0,111.0,540.5405405405405,"(3.910260993246169, 0.7698336750110771)",4.409358550061521,mediumseagreen
2023-06-28 14:56:57,,,111.0,,,,,,,,,,,,,,,,,,,,,,,,,,,,,,,,,,,,,,0,111.0,111.0,540.5405405405405,"(3.910260993246169, 0.7698336750110771)",4.409358550061521,mediumseagreen
2023-06-28 14:56:58,,,111.0,,,,,,,,,,,,,,,,,,,,,,,,,,,,,,,,,,,,,,0,111.0,111.0,540.5405405405405,"(3.910260993246169, 0.7698336750110771)",4.409358550061521,mediumseagreen
2023-06-28 14:56:59,,,110.0,,,,,,,,,,,,,,,,,,,,,,,,,,,,,,,,,,,,,,0,110.0,110.0,545.4545454545455,"(3.910260993246169, 0.7698336750110771)",4.409358550061521,mediumseagreen
2023-06-28 14:57:00,,,110.0,,,,,,,,,,,,,,,,,,,,,,,,,,,,,,,,,,,,,,0,110.0,110.0,545.4545454545455,"(3.910260993246169, 0.7698336750110771)",4.409358550061521,mediumseagreen
2023-06-28 14:57:01,,,111.0,,,,,,,,,,,,,,,,,,,,,,,,,,,,,,,,,,,,,,0,111.0,111.0,540.5405405405405,"(3.910260993246169, 0.7698336750110771)",4.409358550061521,mediumseagreen
2023-06-28 14:57:02,,,111.0,,,,,,,,,,,,,,,,,,,,,,,,,,,,,,,,,,,,,,0,111.0,111.0,540.5405405405405,"(3.910260993246169, 0.7698336750110771)",4.409358550061521,mediumseagreen
2023-06-28 14:57:03,,,111.0,,,,,,,,,,,,,,,,,,,,,,,,,,,,,,,,,,,,,,0,111.0,111.0,540.5405405405405,"(3.910260993246169, 0.7698336750110771)",4.409358550061521,mediumseagreen
2023-06-28 14:57:04,,,110.0,,,,,,,,,,,,,,,,,,,,,,,,,,,,,,,,,,,,,,0,110.0,110.0,545.4545454545455,"(3.910260993246169, 0.7698336750110771)",4.409358550061521,mediumseagreen
2023-06-28 14:57:05,,,110.0,,,,,,,,,,,,,,,,,,,,,,,,,,,,,,,,,,,,,,0,110.0,110.0,545.4545454545455,"(3.910260993246169, 0.7698336750110771)",4.409358550061521,mediumseagreen
2023-06-28 14:57:06,,,108.0,,,,,,,,,,,,,,,,,,,,,,,,,,,,,,,,,,,,,,0,108.0,108.0,555.5555555555555,"(3.910260993246169, 0.7698336750110771)",4.409358550061521,mediumseagreen
2023-06-28 14:57:07,,,107.0,,,,,,,,,,,,,,,,,,,,,,,,,,,,,,,,,,,,,,0,107.0,107.0,560.7476635514018,"(3.910260993246169, 0.7698336750110771)",4.409358550061521,mediumseagreen
2023-06-28 14:57:08,,,107.0,,,,,,,,,,,,,,,,,,,,,,,,,,,,,,,,,,,,,,0,107.0,107.0,560.7476635514018,"(3.910260993246169, 0.7698336750110771)",4.409358550061521,mediumseagreen
2023-06-28 14:57:09,,,106.0,,,,,,,,,,,,,,,,,,,,,,,,,,,,,,,,,,,,,,0,106.0,106.0,566.0377358490566,"(3.910260993246169, 0.7698336750110771)",4.409358550061521,mediumseagreen
2023-06-28 14:57:10,,,105.0,,,,,,,,,,,,,,,,,,,,,,,,,,,,,,,,,,,,,,0,105.0,105.0,571.4285714285714,"(3.910260993246169, 0.7698336750110771)",4.409358550061521,mediumseagreen
2023-06-28 14:57:11,,,106.0,,,,,,,,,,,,,,,,,,,,,,,,,,,,,,,,,,,,,,0,106.0,106.0,566.0377358490566,"(3.910260993246169, 0.7698336750110771)",4.409358550061521,mediumseagreen
2023-06-28 14:57:12,,,106.0,,,,,,,,,,,,,,,,,,,,,,,,,,,,,,,,,,,,,,0,106.0,106.0,566.0377358490566,"(3.910260993246169, 0.7698336750110771)",4.409358550061521,mediumseagreen
2023-06-28 14:57:13,,,106.0,,,,,,,,,,,,,,,,,,,,,,,,,,,,,,,,,,,,,,0,106.0,106.0,566.0377358490566,"(3.910260993246169, 0.7698336750110771)",4.409358550061521,mediumseagreen
2023-06-28 14:57:14,,,107.0,,,,,,,,,,,,,,,,,,,,,,,,,,,,,,,,,,,,,,0,107.0,107.0,560.7476635514018,"(3.910260993246169, 0.7698336750110771)",4.409358550061521,mediumseagreen
2023-06-28 14:57:15,,,107.0,,,,,,,,,,,,,,,,,,,,,,,,,,,,,,,,,,,,,,0,107.0,107.0,560.7476635514018,"(3.910260993246169, 0.7698336750110771)",3.5712559779778195,mediumseagreen
2023-06-28 14:57:16,,,107.0,,,,,,,,,,,,,,,,,,,,,,,,,,,,,,,,,,,,,,0,107.0,107.0,560.7476635514018,"(3.910260993246169, 0.7698336750110771)",3.5712559779778195,mediumseagreen
2023-06-28 14:57:17,,,107.0,,,,,,,,,,,,,,,,,,,,,,,,,,,,,,,,,,,,,,0,107.0,107.0,560.7476635514018,"(3.910260993246169, 0.7698336750110771)",3.5712559779778195,mediumseagreen
2023-06-28 14:57:18,,,107.0,,,,,,,,,,,,,,,,,,,,,,,,,,,,,,,,,,,,,,0,107.0,107.0,560.7476635514018,"(3.910260993246169, 0.7698336750110771)",3.5712559779778195,mediumseagreen
2023-06-28 14:57:19,,,108.0,,,,,,,,,,,,,,,,,,,,,,,,,,,,,,,,,,,,,,0,108.0,108.0,555.5555555555555,"(3.910260993246169, 0.7698336750110771)",3.5712559779778195,mediumseagreen
2023-06-28 14:57:20,,,108.0,,,,,,,,,,,,,,,,,,,,,,,,,,,,,,,,,,,,,,0,108.0,108.0,555.5555555555555,"(3.910260993246169, 0.7698336750110771)",3.5712559779778195,mediumseagreen
2023-06-28 14:57:21,,,108.0,,,,,,,,,,,,,,,,,,,,,,,,,,,,,,,,,,,,,,0,108.0,108.0,555.5555555555555,"(3.910260993246169, 0.7698336750110771)",3.5712559779778195,mediumseagreen
2023-06-28 14:57:22,,,108.0,,,,,,,,,,,,,,,,,,,,,,,,,,,,,,,,,,,,,,0,108.0,108.0,555.5555555555555,"(3.910260993246169, 0.7698336750110771)",3.5712559779778195,mediumseagreen
2023-06-28 14:57:23,,,108.0,,,,,,,,,,,,,,,,,,,,,,,,,,,,,,,,,,,,,,0,108.0,108.0,555.5555555555555,"(3.910260993246169, 0.7698336750110771)",3.5712559779778195,mediumseagreen
2023-06-28 14:57:24,,,109.0,,,,,,,,,,,,,,,,,,,,,,,,,,,,,,,,,,,,,,0,109.0,109.0,550.4587155963303,"(3.910260993246169, 0.7698336750110771)",3.5712559779778195,mediumseagreen
2023-06-28 14:57:25,,,109.0,,,,,,,,,,,,,,,,,,,,,,,,,,,,,,,,,,,,,,0,109.0,109.0,550.4587155963303,"(3.910260993246169, 0.7698336750110771)",3.5712559779778195,mediumseagreen
2023-06-28 14:57:26,,,110.0,,,,,,,,,,,,,,,,,,,,,,,,,,,,,,,,,,,,,,0,110.0,110.0,545.4545454545455,"(3.910260993246169, 0.7698336750110771)",3.5712559779778195,mediumseagreen
2023-06-28 14:57:27,,,111.0,,,,,,,,,,,,,,,,,,,,,,,,,,,,,,,,,,,,,,0,111.0,111.0,540.5405405405405,"(3.910260993246169, 0.7698336750110771)",3.5712559779778195,mediumseagreen
2023-06-28 14:57:28,,,111.0,,,,,,,,,,,,,,,,,,,,,,,,,,,,,,,,,,,,,,0,111.0,111.0,540.5405405405405,"(3.910260993246169, 0.7698336750110771)",3.5712559779778195,mediumseagreen
2023-06-28 14:57:29,,,110.0,,,,,,,,,,,,,,,,,,,,,,,,,,,,,,,,,,,,,,0,110.0,110.0,545.4545454545455,"(3.910260993246169, 0.7698336750110771)",3.5712559779778195,mediumseagreen
2023-06-28 14:57:30,,,110.0,,,,,,,,,,,,,,,,,,,,,,,,,,,,,,,,,,,,,,0,110.0,110.0,545.4545454545455,"(3.910260993246169, 0.7698336750110771)",3.5712559779778195,mediumseagreen
2023-06-28 14:57:31,,,110.0,,,,,,,,,,,,,,,,,,,,,,,,,,,,,,,,,,,,,,0,110.0,110.0,545.4545454545455,"(3.910260993246169, 0.7698336750110771)",3.5712559779778195,mediumseagreen
2023-06-28 14:57:32,,,110.0,,,,,,,,,,,,,,,,,,,,,,,,,,,,,,,,,,,,,,0,110.0,110.0,545.4545454545455,"(3.910260993246169, 0.7698336750110771)",3.5712559779778195,mediumseagreen
2023-06-28 14:57:33,,,109.0,,,,,,,,,,,,,,,,,,,,,,,,,,,,,,,,,,,,,,0,109.0,109.0,550.4587155963303,"(3.910260993246169, 0.7698336750110771)",3.5712559779778195,mediumseagreen
2023-06-28 14:57:34,,,109.0,,,,,,,,,,,,,,,,,,,,,,,,,,,,,,,,,,,,,,0,109.0,109.0,550.4587155963303,"(3.910260993246169, 0.7698336750110771)",3.5712559779778195,mediumseagreen
2023-06-28 14:57:35,,,109.0,,,,,,,,,,,,,,,,,,,,,,,,,,,,,,,,,,,,,,0,109.0,109.0,550.4587155963303,"(3.910260993246169, 0.7698336750110771)",3.5712559779778195,mediumseagreen
2023-06-28 14:57:36,,,109.0,,,,,,,,,,,,,,,,,,,,,,,,,,,,,,,,,,,,,,0,109.0,109.0,550.4587155963303,"(3.910260993246169, 0.7698336750110771)",3.5712559779778195,mediumseagreen
2023-06-28 14:57:37,,,108.0,,,,,,,,,,,,,,,,,,,,,,,,,,,,,,,,,,,,,,0,108.0,108.0,555.5555555555555,"(3.910260993246169, 0.7698336750110771)",3.5712559779778195,mediumseagreen
2023-06-28 14:57:38,,,108.0,,,,,,,,,,,,,,,,,,,,,,,,,,,,,,,,,,,,,,0,108.0,108.0,555.5555555555555,"(3.910260993246169, 0.7698336750110771)",3.5712559779778195,mediumseagreen
2023-06-28 14:57:39,,,107.0,,,,,,,,,,,,,,,,,,,,,,,,,,,,,,,,,,,,,,0,107.0,107.0,560.7476635514018,"(3.910260993246169, 0.7698336750110771)",3.5712559779778195,mediumseagreen
2023-06-28 14:57:40,,,107.0,,,,,,,,,,,,,,,,,,,,,,,,,,,,,,,,,,,,,,0,107.0,107.0,560.7476635514018,"(3.910260993246169, 0.7698336750110771)",3.5712559779778195,mediumseagreen
2023-06-28 14:57:41,,,107.0,,,,,,,,,,,,,,,,,,,,,,,,,,,,,,,,,,,,,,0,107.0,107.0,560.7476635514018,"(3.910260993246169, 0.7698336750110771)",3.5712559779778195,mediumseagreen
2023-06-28 14:57:42,,,107.0,,,,,,,,,,,,,,,,,,,,,,,,,,,,,,,,,,,,,,0,107.0,107.0,560.7476635514018,"(3.910260993246169, 0.7698336750110771)",3.5712559779778195,mediumseagreen
2023-06-28 14:57:43,,,107.0,,,,,,,,,,,,,,,,,,,,,,,,,,,,,,,,,,,,,,0,107.0,107.0,560.7476635514018,"(3.910260993246169, 0.7698336750110771)",3.5712559779778195,mediumseagreen
2023-06-28 14:57:44,,,107.0,,,,,,,,,,,,,,,,,,,,,,,,,,,,,,,,,,,,,,0,107.0,107.0,560.7476635514018,"(3.910260993246169, 0.7698336750110771)",3.5712559779778195,mediumseagreen
2023-06-28 14:57:45,,,107.0,,,,,,,,,,,,,,,,,,,,,,,,,,,,,,,,,,,,,,0,107.0,107.0,560.7476635514018,"(3.910260993246169, 0.7698336750110771)",3.386209580393327,mediumseagreen
2023-06-28 14:57:46,,,108.0,,,,,,,,,,,,,,,,,,,,,,,,,,,,,,,,,,,,,,0,108.0,108.0,555.5555555555555,"(3.910260993246169, 0.7698336750110771)",3.386209580393327,mediumseagreen
2023-06-28 14:57:47,,,108.0,,,,,,,,,,,,,,,,,,,,,,,,,,,,,,,,,,,,,,0,108.0,108.0,555.5555555555555,"(3.910260993246169, 0.7698336750110771)",3.386209580393327,mediumseagreen
2023-06-28 14:57:48,,,107.0,,,,,,,,,,,,,,,,,,,,,,,,,,,,,,,,,,,,,,0,107.0,107.0,560.7476635514018,"(3.910260993246169, 0.7698336750110771)",3.386209580393327,mediumseagreen
2023-06-28 14:57:49,,,107.0,,,,,,,,,,,,,,,,,,,,,,,,,,,,,,,,,,,,,,0,107.0,107.0,560.7476635514018,"(3.910260993246169, 0.7698336750110771)",3.386209580393327,mediumseagreen
2023-06-28 14:57:50,,,107.0,,,,,,,,,,,,,,,,,,,,,,,,,,,,,,,,,,,,,,0,107.0,107.0,560.7476635514018,"(3.910260993246169, 0.7698336750110771)",3.386209580393327,mediumseagreen
2023-06-28 14:57:51,,,106.0,,,,,,,,,,,,,,,,,,,,,,,,,,,,,,,,,,,,,,0,106.0,106.0,566.0377358490566,"(3.910260993246169, 0.7698336750110771)",3.386209580393327,mediumseagreen
2023-06-28 14:57:52,,,106.0,,,,,,,,,,,,,,,,,,,,,,,,,,,,,,,,,,,,,,0,106.0,106.0,566.0377358490566,"(3.910260993246169, 0.7698336750110771)",3.386209580393327,mediumseagreen
2023-06-28 14:57:53,,,105.0,,,,,,,,,,,,,,,,,,,,,,,,,,,,,,,,,,,,,,0,105.0,105.0,571.4285714285714,"(3.910260993246169, 0.7698336750110771)",3.386209580393327,mediumseagreen
2023-06-28 14:57:54,,,104.0,,,,,,,,,,,,,,,,,,,,,,,,,,,,,,,,,,,,,,0,104.0,104.0,576.9230769230769,"(3.910260993246169, 0.7698336750110771)",3.386209580393327,mediumseagreen
2023-06-28 14:57:55,,,103.0,,,,,,,,,,,,,,,,,,,,,,,,,,,,,,,,,,,,,,0,103.0,103.0,582.5242718446602,"(3.910260993246169, 0.7698336750110771)",3.386209580393327,mediumseagreen
2023-06-28 14:57:56,,,102.0,,,,,,,,,,,,,,,,,,,,,,,,,,,,,,,,,,,,,,0,102.0,102.0,588.2352941176471,"(3.910260993246169, 0.7698336750110771)",3.386209580393327,mediumseagreen
2023-06-28 14:57:57,,,102.0,,,,,,,,,,,,,,,,,,,,,,,,,,,,,,,,,,,,,,0,102.0,102.0,588.2352941176471,"(3.910260993246169, 0.7698336750110771)",3.386209580393327,mediumseagreen
2023-06-28 14:57:58,,,102.0,,,,,,,,,,,,,,,,,,,,,,,,,,,,,,,,,,,,,,0,102.0,102.0,588.2352941176471,"(3.910260993246169, 0.7698336750110771)",3.386209580393327,mediumseagreen
2023-06-28 14:57:59,,,102.0,,,,,,,,,,,,,,,,,,,,,,,,,,,,,,,,,,,,,,0,102.0,102.0,588.2352941176471,"(3.910260993246169, 0.7698336750110771)",3.386209580393327,mediumseagreen
2023-06-28 14:58:00,,,102.0,,,,,,,,,,,,,,,,,,,,,,,,,,,,,,,,,,,,,,0,102.0,102.0,588.2352941176471,"(3.910260993246169, 0.7698336750110771)",3.386209580393327,mediumseagreen
2023-06-28 14:58:01,,,102.0,,,,,,,,,,,,,,,,,,,,,,,,,,,,,,,,,,,,,,0,102.0,102.0,588.2352941176471,"(3.910260993246169, 0.7698336750110771)",3.386209580393327,mediumseagreen
2023-06-28 14:58:02,,,102.0,,,,,,,,,,,,,,,,,,,,,,,,,,,,,,,,,,,,,,0,102.0,102.0,588.2352941176471,"(3.910260993246169, 0.7698336750110771)",3.386209580393327,mediumseagreen
2023-06-28 14:58:03,,,102.0,,,,,,,,,,,,,,,,,,,,,,,,,,,,,,,,,,,,,,0,102.0,102.0,588.2352941176471,"(3.910260993246169, 0.7698336750110771)",3.386209580393327,mediumseagreen
2023-06-28 14:58:04,,,102.0,,,,,,,,,,,,,,,,,,,,,,,,,,,,,,,,,,,,,,0,102.0,102.0,588.2352941176471,"(3.910260993246169, 0.7698336750110771)",3.386209580393327,mediumseagreen
2023-06-28 14:58:05,,,102.0,,,,,,,,,,,,,,,,,,,,,,,,,,,,,,,,,,,,,,0,102.0,102.0,588.2352941176471,"(3.910260993246169, 0.7698336750110771)",3.386209580393327,mediumseagreen
2023-06-28 14:58:06,,,101.0,,,,,,,,,,,,,,,,,,,,,,,,,,,,,,,,,,,,,,0,101.0,101.0,594.059405940594,"(3.910260993246169, 0.7698336750110771)",3.386209580393327,mediumseagreen
2023-06-28 14:58:07,,,101.0,,,,,,,,,,,,,,,,,,,,,,,,,,,,,,,,,,,,,,0,101.0,101.0,594.059405940594,"(3.910260993246169, 0.7698336750110771)",3.386209580393327,mediumseagreen
2023-06-28 14:58:08,,,101.0,,,,,,,,,,,,,,,,,,,,,,,,,,,,,,,,,,,,,,0,101.0,101.0,594.059405940594,"(3.910260993246169, 0.7698336750110771)",3.386209580393327,mediumseagreen
2023-06-28 14:58:09,,,101.0,,,,,,,,,,,,,,,,,,,,,,,,,,,,,,,,,,,,,,0,101.0,101.0,594.059405940594,"(3.910260993246169, 0.7698336750110771)",3.386209580393327,mediumseagreen
2023-06-28 14:58:10,,,101.0,,,,,,,,,,,,,,,,,,,,,,,,,,,,,,,,,,,,,,0,101.0,101.0,594.059405940594,"(3.910260993246169, 0.7698336750110771)",3.386209580393327,mediumseagreen
2023-06-28 14:58:11,,,100.0,,,,,,,,,,,,,,,,,,,,,,,,,,,,,,,,,,,,,,0,100.0,100.0,600.0,"(3.910260993246169, 0.7698336750110771)",3.386209580393327,mediumseagreen
2023-06-28 14:58:12,,,99.0,,,,,,,,,,,,,,,,,,,,,,,,,,,,,,,,,,,,,,0,99.0,99.0,606.060606060606,"(3.910260993246169, 0.7698336750110771)",3.386209580393327,mediumseagreen
2023-06-28 14:58:13,,,99.0,,,,,,,,,,,,,,,,,,,,,,,,,,,,,,,,,,,,,,0,99.0,99.0,606.060606060606,"(3.910260993246169, 0.7698336750110771)",3.386209580393327,mediumseagreen
2023-06-28 14:58:14,,,99.0,,,,,,,,,,,,,,,,,,,,,,,,,,,,,,,,,,,,,,0,99.0,99.0,606.060606060606,"(3.910260993246169, 0.7698336750110771)",3.386209580393327,mediumseagreen
2023-06-28 14:58:15,,,99.0,,,,,,,,,,,,,,,,,,,,,,,,,,,,,,,,,,,,,,0,99.0,99.0,606.060606060606,"(3.910260993246169, 0.7698336750110771)",4.099803523303436,mediumseagreen
2023-06-28 14:58:16,,,99.0,,,,,,,,,,,,,,,,,,,,,,,,,,,,,,,,,,,,,,0,99.0,99.0,606.060606060606,"(3.910260993246169, 0.7698336750110771)",4.099803523303436,mediumseagreen
2023-06-28 14:58:17,,,99.0,,,,,,,,,,,,,,,,,,,,,,,,,,,,,,,,,,,,,,0,99.0,99.0,606.060606060606,"(3.910260993246169, 0.7698336750110771)",4.099803523303436,mediumseagreen
2023-06-28 14:58:18,,,99.0,,,,,,,,,,,,,,,,,,,,,,,,,,,,,,,,,,,,,,0,99.0,99.0,606.060606060606,"(3.910260993246169, 0.7698336750110771)",4.099803523303436,mediumseagreen
2023-06-28 14:58:19,,,99.0,,,,,,,,,,,,,,,,,,,,,,,,,,,,,,,,,,,,,,0,99.0,99.0,606.060606060606,"(3.910260993246169, 0.7698336750110771)",4.099803523303436,mediumseagreen
2023-06-28 14:58:20,,,100.0,,,,,,,,,,,,,,,,,,,,,,,,,,,,,,,,,,,,,,0,100.0,100.0,600.0,"(3.910260993246169, 0.7698336750110771)",4.099803523303436,mediumseagreen
2023-06-28 14:58:21,,,100.0,,,,,,,,,,,,,,,,,,,,,,,,,,,,,,,,,,,,,,0,100.0,100.0,600.0,"(3.910260993246169, 0.7698336750110771)",4.099803523303436,mediumseagreen
2023-06-28 14:58:22,,,102.0,,,,,,,,,,,,,,,,,,,,,,,,,,,,,,,,,,,,,,0,102.0,102.0,588.2352941176471,"(3.910260993246169, 0.7698336750110771)",4.099803523303436,mediumseagreen
2023-06-28 14:58:23,,,103.0,,,,,,,,,,,,,,,,,,,,,,,,,,,,,,,,,,,,,,0,103.0,103.0,582.5242718446602,"(3.910260993246169, 0.7698336750110771)",4.099803523303436,mediumseagreen
2023-06-28 14:58:24,,,103.0,,,,,,,,,,,,,,,,,,,,,,,,,,,,,,,,,,,,,,0,103.0,103.0,582.5242718446602,"(3.910260993246169, 0.7698336750110771)",4.099803523303436,mediumseagreen
2023-06-28 14:58:25,,,104.0,,,,,,,,,,,,,,,,,,,,,,,,,,,,,,,,,,,,,,0,104.0,104.0,576.9230769230769,"(3.910260993246169, 0.7698336750110771)",4.099803523303436,mediumseagreen
2023-06-28 14:58:26,,,106.0,,,,,,,,,,,,,,,,,,,,,,,,,,,,,,,,,,,,,,0,106.0,106.0,566.0377358490566,"(3.910260993246169, 0.7698336750110771)",4.099803523303436,mediumseagreen
2023-06-28 14:58:27,,,107.0,,,,,,,,,,,,,,,,,,,,,,,,,,,,,,,,,,,,,,0,107.0,107.0,560.7476635514018,"(3.910260993246169, 0.7698336750110771)",4.099803523303436,mediumseagreen
2023-06-28 14:58:28,,,107.0,,,,,,,,,,,,,,,,,,,,,,,,,,,,,,,,,,,,,,0,107.0,107.0,560.7476635514018,"(3.910260993246169, 0.7698336750110771)",4.099803523303436,mediumseagreen
2023-06-28 14:58:29,,,108.0,,,,,,,,,,,,,,,,,,,,,,,,,,,,,,,,,,,,,,0,108.0,108.0,555.5555555555555,"(3.910260993246169, 0.7698336750110771)",4.099803523303436,mediumseagreen
2023-06-28 14:58:30,,,108.0,,,,,,,,,,,,,,,,,,,,,,,,,,,,,,,,,,,,,,0,108.0,108.0,555.5555555555555,"(3.910260993246169, 0.7698336750110771)",4.099803523303436,mediumseagreen
2023-06-28 14:58:31,,,108.0,,,,,,,,,,,,,,,,,,,,,,,,,,,,,,,,,,,,,,0,108.0,108.0,555.5555555555555,"(3.910260993246169, 0.7698336750110771)",4.099803523303436,mediumseagreen
2023-06-28 14:58:32,,,108.0,,,,,,,,,,,,,,,,,,,,,,,,,,,,,,,,,,,,,,0,108.0,108.0,555.5555555555555,"(3.910260993246169, 0.7698336750110771)",4.099803523303436,mediumseagreen
2023-06-28 14:58:33,,,109.0,,,,,,,,,,,,,,,,,,,,,,,,,,,,,,,,,,,,,,0,109.0,109.0,550.4587155963303,"(3.910260993246169, 0.7698336750110771)",4.099803523303436,mediumseagreen
2023-06-28 14:58:34,,,109.0,,,,,,,,,,,,,,,,,,,,,,,,,,,,,,,,,,,,,,0,109.0,109.0,550.4587155963303,"(3.910260993246169, 0.7698336750110771)",4.099803523303436,mediumseagreen
2023-06-28 14:58:35,,,109.0,,,,,,,,,,,,,,,,,,,,,,,,,,,,,,,,,,,,,,0,109.0,109.0,550.4587155963303,"(3.910260993246169, 0.7698336750110771)",4.099803523303436,mediumseagreen
2023-06-28 14:58:36,,,109.0,,,,,,,,,,,,,,,,,,,,,,,,,,,,,,,,,,,,,,0,109.0,109.0,550.4587155963303,"(3.910260993246169, 0.7698336750110771)",4.099803523303436,mediumseagreen
2023-06-28 14:58:37,,,109.0,,,,,,,,,,,,,,,,,,,,,,,,,,,,,,,,,,,,,,0,109.0,109.0,550.4587155963303,"(3.910260993246169, 0.7698336750110771)",4.099803523303436,mediumseagreen
2023-06-28 14:58:38,,,109.0,,,,,,,,,,,,,,,,,,,,,,,,,,,,,,,,,,,,,,0,109.0,109.0,550.4587155963303,"(3.910260993246169, 0.7698336750110771)",4.099803523303436,mediumseagreen
2023-06-28 14:58:39,,,108.0,,,,,,,,,,,,,,,,,,,,,,,,,,,,,,,,,,,,,,0,108.0,108.0,555.5555555555555,"(3.910260993246169, 0.7698336750110771)",4.099803523303436,mediumseagreen
2023-06-28 14:58:40,,,108.0,,,,,,,,,,,,,,,,,,,,,,,,,,,,,,,,,,,,,,0,108.0,108.0,555.5555555555555,"(3.910260993246169, 0.7698336750110771)",4.099803523303436,mediumseagreen
2023-06-28 14:58:41,,,108.0,,,,,,,,,,,,,,,,,,,,,,,,,,,,,,,,,,,,,,0,108.0,108.0,555.5555555555555,"(3.910260993246169, 0.7698336750110771)",4.099803523303436,mediumseagreen
2023-06-28 14:58:42,,,107.0,,,,,,,,,,,,,,,,,,,,,,,,,,,,,,,,,,,,,,0,107.0,107.0,560.7476635514018,"(3.910260993246169, 0.7698336750110771)",4.099803523303436,mediumseagreen
2023-06-28 14:58:43,,,106.0,,,,,,,,,,,,,,,,,,,,,,,,,,,,,,,,,,,,,,0,106.0,106.0,566.0377358490566,"(3.910260993246169, 0.7698336750110771)",4.099803523303436,mediumseagreen
2023-06-28 14:58:44,,,105.0,,,,,,,,,,,,,,,,,,,,,,,,,,,,,,,,,,,,,,0,105.0,105.0,571.4285714285714,"(3.910260993246169, 0.7698336750110771)",4.099803523303436,mediumseagreen
2023-06-28 14:58:45,,,106.0,,,,,,,,,,,,,,,,,,,,,,,,,,,,,,,,,,,,,,0,106.0,106.0,566.0377358490566,"(3.910260993246169, 0.7698336750110771)",4.402210203833388,mediumseagreen
2023-06-28 14:58:46,,,106.0,,,,,,,,,,,,,,,,,,,,,,,,,,,,,,,,,,,,,,0,106.0,106.0,566.0377358490566,"(3.910260993246169, 0.7698336750110771)",4.402210203833388,mediumseagreen
2023-06-28 14:58:47,,,106.0,,,,,,,,,,,,,,,,,,,,,,,,,,,,,,,,,,,,,,0,106.0,106.0,566.0377358490566,"(3.910260993246169, 0.7698336750110771)",4.402210203833388,mediumseagreen
2023-06-28 14:58:48,,,106.0,,,,,,,,,,,,,,,,,,,,,,,,,,,,,,,,,,,,,,0,106.0,106.0,566.0377358490566,"(3.910260993246169, 0.7698336750110771)",4.402210203833388,mediumseagreen
2023-06-28 14:58:49,,,106.0,,,,,,,,,,,,,,,,,,,,,,,,,,,,,,,,,,,,,,0,106.0,106.0,566.0377358490566,"(3.910260993246169, 0.7698336750110771)",4.402210203833388,mediumseagreen
2023-06-28 14:58:50,,,106.0,,,,,,,,,,,,,,,,,,,,,,,,,,,,,,,,,,,,,,0,106.0,106.0,566.0377358490566,"(3.910260993246169, 0.7698336750110771)",4.402210203833388,mediumseagreen
2023-06-28 14:58:51,,,106.0,,,,,,,,,,,,,,,,,,,,,,,,,,,,,,,,,,,,,,0,106.0,106.0,566.0377358490566,"(3.910260993246169, 0.7698336750110771)",4.402210203833388,mediumseagreen
2023-06-28 14:58:52,,,105.0,,,,,,,,,,,,,,,,,,,,,,,,,,,,,,,,,,,,,,0,105.0,105.0,571.4285714285714,"(3.910260993246169, 0.7698336750110771)",4.402210203833388,mediumseagreen
2023-06-28 14:58:53,,,105.0,,,,,,,,,,,,,,,,,,,,,,,,,,,,,,,,,,,,,,0,105.0,105.0,571.4285714285714,"(3.910260993246169, 0.7698336750110771)",4.402210203833388,mediumseagreen
2023-06-28 14:58:54,,,103.0,,,,,,,,,,,,,,,,,,,,,,,,,,,,,,,,,,,,,,0,103.0,103.0,582.5242718446602,"(3.910260993246169, 0.7698336750110771)",4.402210203833388,mediumseagreen
2023-06-28 14:58:55,,,102.0,,,,,,,,,,,,,,,,,,,,,,,,,,,,,,,,,,,,,,0,102.0,102.0,588.2352941176471,"(3.910260993246169, 0.7698336750110771)",4.402210203833388,mediumseagreen
2023-06-28 14:58:56,,,101.0,,,,,,,,,,,,,,,,,,,,,,,,,,,,,,,,,,,,,,0,101.0,101.0,594.059405940594,"(3.910260993246169, 0.7698336750110771)",4.402210203833388,mediumseagreen
2023-06-28 14:58:57,,,99.0,,,,,,,,,,,,,,,,,,,,,,,,,,,,,,,,,,,,,,0,99.0,99.0,606.060606060606,"(3.910260993246169, 0.7698336750110771)",4.402210203833388,mediumseagreen
2023-06-28 14:58:58,,,99.0,,,,,,,,,,,,,,,,,,,,,,,,,,,,,,,,,,,,,,0,99.0,99.0,606.060606060606,"(3.910260993246169, 0.7698336750110771)",4.402210203833388,mediumseagreen
2023-06-28 14:58:59,,,98.0,,,,,,,,,,,,,,,,,,,,,,,,,,,,,,,,,,,,,,0,98.0,98.0,612.2448979591836,"(3.910260993246169, 0.7698336750110771)",4.402210203833388,mediumseagreen
2023-06-28 14:59:00,,,98.0,,,,,,,,,,,,,,,,,,,,,,,,,,,,,,,,,,,,,,0,98.0,98.0,612.2448979591836,"(3.910260993246169, 0.7698336750110771)",4.402210203833388,mediumseagreen
2023-06-28 14:59:01,,,97.0,,,,,,,,,,,,,,,,,,,,,,,,,,,,,,,,,,,,,,0,97.0,97.0,618.5567010309278,"(3.910260993246169, 0.7698336750110771)",4.402210203833388,mediumseagreen
2023-06-28 14:59:02,,,97.0,,,,,,,,,,,,,,,,,,,,,,,,,,,,,,,,,,,,,,0,97.0,97.0,618.5567010309278,"(3.910260993246169, 0.7698336750110771)",4.402210203833388,mediumseagreen
2023-06-28 14:59:03,,,98.0,,,,,,,,,,,,,,,,,,,,,,,,,,,,,,,,,,,,,,0,98.0,98.0,612.2448979591836,"(3.910260993246169, 0.7698336750110771)",4.402210203833388,mediumseagreen
2023-06-28 14:59:04,,,98.0,,,,,,,,,,,,,,,,,,,,,,,,,,,,,,,,,,,,,,0,98.0,98.0,612.2448979591836,"(3.910260993246169, 0.7698336750110771)",4.402210203833388,mediumseagreen
2023-06-28 14:59:05,,,99.0,,,,,,,,,,,,,,,,,,,,,,,,,,,,,,,,,,,,,,0,99.0,99.0,606.060606060606,"(3.910260993246169, 0.7698336750110771)",4.402210203833388,mediumseagreen
2023-06-28 14:59:06,,,99.0,,,,,,,,,,,,,,,,,,,,,,,,,,,,,,,,,,,,,,0,99.0,99.0,606.060606060606,"(3.910260993246169, 0.7698336750110771)",4.402210203833388,mediumseagreen
2023-06-28 14:59:07,,,99.0,,,,,,,,,,,,,,,,,,,,,,,,,,,,,,,,,,,,,,0,99.0,99.0,606.060606060606,"(3.910260993246169, 0.7698336750110771)",4.402210203833388,mediumseagreen
2023-06-28 14:59:08,,,99.0,,,,,,,,,,,,,,,,,,,,,,,,,,,,,,,,,,,,,,0,99.0,99.0,606.060606060606,"(3.910260993246169, 0.7698336750110771)",4.402210203833388,mediumseagreen
2023-06-28 14:59:09,,,99.0,,,,,,,,,,,,,,,,,,,,,,,,,,,,,,,,,,,,,,0,99.0,99.0,606.060606060606,"(3.910260993246169, 0.7698336750110771)",4.402210203833388,mediumseagreen
2023-06-28 14:59:10,,,99.0,,,,,,,,,,,,,,,,,,,,,,,,,,,,,,,,,,,,,,0,99.0,99.0,606.060606060606,"(3.910260993246169, 0.7698336750110771)",4.402210203833388,mediumseagreen
2023-06-28 14:59:11,,,99.0,,,,,,,,,,,,,,,,,,,,,,,,,,,,,,,,,,,,,,0,99.0,99.0,606.060606060606,"(3.910260993246169, 0.7698336750110771)",4.402210203833388,mediumseagreen
2023-06-28 14:59:12,,,100.0,,,,,,,,,,,,,,,,,,,,,,,,,,,,,,,,,,,,,,0,100.0,100.0,600.0,"(3.910260993246169, 0.7698336750110771)",4.402210203833388,mediumseagreen
2023-06-28 14:59:13,,,100.0,,,,,,,,,,,,,,,,,,,,,,,,,,,,,,,,,,,,,,0,100.0,100.0,600.0,"(3.910260993246169, 0.7698336750110771)",4.402210203833388,mediumseagreen
2023-06-28 14:59:14,,,100.0,,,,,,,,,,,,,,,,,,,,,,,,,,,,,,,,,,,,,,0,100.0,100.0,600.0,"(3.910260993246169, 0.7698336750110771)",4.402210203833388,mediumseagreen
2023-06-28 14:59:15,,,100.0,,,,,,,,,,,,,,,,,,,,,,,,,,,,,,,,,,,,,,0,100.0,100.0,600.0,"(3.910260993246169, 0.7698336750110771)",4.427463245361858,mediumseagreen
2023-06-28 14:59:16,,,100.0,,,,,,,,,,,,,,,,,,,,,,,,,,,,,,,,,,,,,,0,100.0,100.0,600.0,"(3.910260993246169, 0.7698336750110771)",4.427463245361858,mediumseagreen
2023-06-28 14:59:17,,,101.0,,,,,,,,,,,,,,,,,,,,,,,,,,,,,,,,,,,,,,0,101.0,101.0,594.059405940594,"(3.910260993246169, 0.7698336750110771)",4.427463245361858,mediumseagreen
2023-06-28 14:59:18,,,101.0,,,,,,,,,,,,,,,,,,,,,,,,,,,,,,,,,,,,,,0,101.0,101.0,594.059405940594,"(3.910260993246169, 0.7698336750110771)",4.427463245361858,mediumseagreen
2023-06-28 14:59:19,,,102.0,,,,,,,,,,,,,,,,,,,,,,,,,,,,,,,,,,,,,,0,102.0,102.0,588.2352941176471,"(3.910260993246169, 0.7698336750110771)",4.427463245361858,mediumseagreen
2023-06-28 14:59:20,,,103.0,,,,,,,,,,,,,,,,,,,,,,,,,,,,,,,,,,,,,,0,103.0,103.0,582.5242718446602,"(3.910260993246169, 0.7698336750110771)",4.427463245361858,mediumseagreen
2023-06-28 14:59:21,,,104.0,,,,,,,,,,,,,,,,,,,,,,,,,,,,,,,,,,,,,,0,104.0,104.0,576.9230769230769,"(3.910260993246169, 0.7698336750110771)",4.427463245361858,mediumseagreen
2023-06-28 14:59:22,,,104.0,,,,,,,,,,,,,,,,,,,,,,,,,,,,,,,,,,,,,,0,104.0,104.0,576.9230769230769,"(3.910260993246169, 0.7698336750110771)",4.427463245361858,mediumseagreen
2023-06-28 14:59:23,,,104.0,,,,,,,,,,,,,,,,,,,,,,,,,,,,,,,,,,,,,,0,104.0,104.0,576.9230769230769,"(3.910260993246169, 0.7698336750110771)",4.427463245361858,mediumseagreen
2023-06-28 14:59:24,,,104.0,,,,,,,,,,,,,,,,,,,,,,,,,,,,,,,,,,,,,,0,104.0,104.0,576.9230769230769,"(3.910260993246169, 0.7698336750110771)",4.427463245361858,mediumseagreen
2023-06-28 14:59:25,,,104.0,,,,,,,,,,,,,,,,,,,,,,,,,,,,,,,,,,,,,,0,104.0,104.0,576.9230769230769,"(3.910260993246169, 0.7698336750110771)",4.427463245361858,mediumseagreen
2023-06-28 14:59:26,,,103.0,,,,,,,,,,,,,,,,,,,,,,,,,,,,,,,,,,,,,,0,103.0,103.0,582.5242718446602,"(3.910260993246169, 0.7698336750110771)",4.427463245361858,mediumseagreen
2023-06-28 14:59:27,,,103.0,,,,,,,,,,,,,,,,,,,,,,,,,,,,,,,,,,,,,,0,103.0,103.0,582.5242718446602,"(3.910260993246169, 0.7698336750110771)",4.427463245361858,mediumseagreen
2023-06-28 14:59:28,,,103.0,,,,,,,,,,,,,,,,,,,,,,,,,,,,,,,,,,,,,,0,103.0,103.0,582.5242718446602,"(3.910260993246169, 0.7698336750110771)",4.427463245361858,mediumseagreen
2023-06-28 14:59:29,,,104.0,,,,,,,,,,,,,,,,,,,,,,,,,,,,,,,,,,,,,,0,104.0,104.0,576.9230769230769,"(3.910260993246169, 0.7698336750110771)",4.427463245361858,mediumseagreen
2023-06-28 14:59:30,,,103.0,,,,,,,,,,,,,,,,,,,,,,,,,,,,,,,,,,,,,,0,103.0,103.0,582.5242718446602,"(3.910260993246169, 0.7698336750110771)",4.427463245361858,mediumseagreen
2023-06-28 14:59:31,,,103.0,,,,,,,,,,,,,,,,,,,,,,,,,,,,,,,,,,,,,,0,103.0,103.0,582.5242718446602,"(3.910260993246169, 0.7698336750110771)",4.427463245361858,mediumseagreen
2023-06-28 14:59:32,,,103.0,,,,,,,,,,,,,,,,,,,,,,,,,,,,,,,,,,,,,,0,103.0,103.0,582.5242718446602,"(3.910260993246169, 0.7698336750110771)",4.427463245361858,mediumseagreen
2023-06-28 14:59:33,,,102.0,,,,,,,,,,,,,,,,,,,,,,,,,,,,,,,,,,,,,,0,102.0,102.0,588.2352941176471,"(3.910260993246169, 0.7698336750110771)",4.427463245361858,mediumseagreen
2023-06-28 14:59:34,,,100.0,,,,,,,,,,,,,,,,,,,,,,,,,,,,,,,,,,,,,,0,100.0,100.0,600.0,"(3.910260993246169, 0.7698336750110771)",4.427463245361858,mediumseagreen
2023-06-28 14:59:35,,,100.0,,,,,,,,,,,,,,,,,,,,,,,,,,,,,,,,,,,,,,0,100.0,100.0,600.0,"(3.910260993246169, 0.7698336750110771)",4.427463245361858,mediumseagreen
2023-06-28 14:59:36,,,100.0,,,,,,,,,,,,,,,,,,,,,,,,,,,,,,,,,,,,,,0,100.0,100.0,600.0,"(3.910260993246169, 0.7698336750110771)",4.427463245361858,mediumseagreen
2023-06-28 14:59:37,,,100.0,,,,,,,,,,,,,,,,,,,,,,,,,,,,,,,,,,,,,,0,100.0,100.0,600.0,"(3.910260993246169, 0.7698336750110771)",4.427463245361858,mediumseagreen
2023-06-28 14:59:38,,,99.0,,,,,,,,,,,,,,,,,,,,,,,,,,,,,,,,,,,,,,0,99.0,99.0,606.060606060606,"(3.910260993246169, 0.7698336750110771)",4.427463245361858,mediumseagreen
2023-06-28 14:59:39,,,98.0,,,,,,,,,,,,,,,,,,,,,,,,,,,,,,,,,,,,,,0,98.0,98.0,612.2448979591836,"(3.910260993246169, 0.7698336750110771)",4.427463245361858,mediumseagreen
2023-06-28 14:59:40,,,98.0,,,,,,,,,,,,,,,,,,,,,,,,,,,,,,,,,,,,,,0,98.0,98.0,612.2448979591836,"(3.910260993246169, 0.7698336750110771)",4.427463245361858,mediumseagreen
2023-06-28 14:59:41,,,97.0,,,,,,,,,,,,,,,,,,,,,,,,,,,,,,,,,,,,,,0,97.0,97.0,618.5567010309278,"(3.910260993246169, 0.7698336750110771)",4.427463245361858,mediumseagreen
2023-06-28 14:59:42,,,96.0,,,,,,,,,,,,,,,,,,,,,,,,,,,,,,,,,,,,,,0,96.0,96.0,625.0,"(3.910260993246169, 0.7698336750110771)",4.427463245361858,mediumseagreen
2023-06-28 14:59:43,,,95.0,,,,,,,,,,,,,,,,,,,,,,,,,,,,,,,,,,,,,,0,95.0,95.0,631.578947368421,"(3.910260993246169, 0.7698336750110771)",4.427463245361858,mediumseagreen
2023-06-28 14:59:44,,,95.0,,,,,,,,,,,,,,,,,,,,,,,,,,,,,,,,,,,,,,0,95.0,95.0,631.578947368421,"(3.910260993246169, 0.7698336750110771)",4.427463245361858,mediumseagreen
2023-06-28 14:59:45,,,95.0,,,,,,,,,,,,,,,,,,,,,,,,,,,,,,,,,,,,,,0,95.0,95.0,631.578947368421,"(3.910260993246169, 0.7698336750110771)",4.236661714783191,mediumseagreen
2023-06-28 14:59:46,,,95.0,,,,,,,,,,,,,,,,,,,,,,,,,,,,,,,,,,,,,,0,95.0,95.0,631.578947368421,"(3.910260993246169, 0.7698336750110771)",4.236661714783191,mediumseagreen
2023-06-28 14:59:47,,,95.0,,,,,,,,,,,,,,,,,,,,,,,,,,,,,,,,,,,,,,0,95.0,95.0,631.578947368421,"(3.910260993246169, 0.7698336750110771)",4.236661714783191,mediumseagreen
2023-06-28 14:59:48,,,95.0,,,,,,,,,,,,,,,,,,,,,,,,,,,,,,,,,,,,,,0,95.0,95.0,631.578947368421,"(3.910260993246169, 0.7698336750110771)",4.236661714783191,mediumseagreen
2023-06-28 14:59:49,,,96.0,,,,,,,,,,,,,,,,,,,,,,,,,,,,,,,,,,,,,,0,96.0,96.0,625.0,"(3.910260993246169, 0.7698336750110771)",4.236661714783191,mediumseagreen
2023-06-28 14:59:50,,,97.0,,,,,,,,,,,,,,,,,,,,,,,,,,,,,,,,,,,,,,0,97.0,97.0,618.5567010309278,"(3.910260993246169, 0.7698336750110771)",4.236661714783191,mediumseagreen
2023-06-28 14:59:51,,,97.0,,,,,,,,,,,,,,,,,,,,,,,,,,,,,,,,,,,,,,0,97.0,97.0,618.5567010309278,"(3.910260993246169, 0.7698336750110771)",4.236661714783191,mediumseagreen
2023-06-28 14:59:52,,,97.0,,,,,,,,,,,,,,,,,,,,,,,,,,,,,,,,,,,,,,0,97.0,97.0,618.5567010309278,"(3.910260993246169, 0.7698336750110771)",4.236661714783191,mediumseagreen
2023-06-28 14:59:53,,,97.0,,,,,,,,,,,,,,,,,,,,,,,,,,,,,,,,,,,,,,0,97.0,97.0,618.5567010309278,"(3.910260993246169, 0.7698336750110771)",4.236661714783191,mediumseagreen
2023-06-28 14:59:54,,,97.0,,,,,,,,,,,,,,,,,,,,,,,,,,,,,,,,,,,,,,0,97.0,97.0,618.5567010309278,"(3.910260993246169, 0.7698336750110771)",4.236661714783191,mediumseagreen
2023-06-28 14:59:55,,,97.0,,,,,,,,,,,,,,,,,,,,,,,,,,,,,,,,,,,,,,0,97.0,97.0,618.5567010309278,"(3.910260993246169, 0.7698336750110771)",4.236661714783191,mediumseagreen
2023-06-28 14:59:56,,,97.0,,,,,,,,,,,,,,,,,,,,,,,,,,,,,,,,,,,,,,0,97.0,97.0,618.5567010309278,"(3.910260993246169, 0.7698336750110771)",4.236661714783191,mediumseagreen
2023-06-28 14:59:57,,,97.0,,,,,,,,,,,,,,,,,,,,,,,,,,,,,,,,,,,,,,0,97.0,97.0,618.5567010309278,"(3.910260993246169, 0.7698336750110771)",4.236661714783191,mediumseagreen
2023-06-28 14:59:58,,,97.0,,,,,,,,,,,,,,,,,,,,,,,,,,,,,,,,,,,,,,0,97.0,97.0,618.5567010309278,"(3.910260993246169, 0.7698336750110771)",4.236661714783191,mediumseagreen
2023-06-28 14:59:59,,,97.0,,,,,,,,,,,,,,,,,,,,,,,,,,,,,,,,,,,,,,0,97.0,97.0,618.5567010309278,"(3.910260993246169, 0.7698336750110771)",4.236661714783191,mediumseagreen
2023-06-28 15:00:00,,,98.0,,,,,,,,,,,,,,,,,,,,,,,,,,,,,,,,,,,,,,0,98.0,98.0,612.2448979591836,"(3.910260993246169, 0.7698336750110771)",4.236661714783191,mediumseagreen
2023-06-28 15:00:01,,,98.0,,,,,,,,,,,,,,,,,,,,,,,,,,,,,,,,,,,,,,0,98.0,98.0,612.2448979591836,"(3.910260993246169, 0.7698336750110771)",4.236661714783191,mediumseagreen
2023-06-28 15:00:02,,,100.0,,,,,,,,,,,,,,,,,,,,,,,,,,,,,,,,,,,,,,0,100.0,100.0,600.0,"(3.910260993246169, 0.7698336750110771)",4.236661714783191,mediumseagreen
2023-06-28 15:00:03,,,101.0,,,,,,,,,,,,,,,,,,,,,,,,,,,,,,,,,,,,,,0,101.0,101.0,594.059405940594,"(3.910260993246169, 0.7698336750110771)",4.236661714783191,mediumseagreen
2023-06-28 15:00:04,,,101.0,,,,,,,,,,,,,,,,,,,,,,,,,,,,,,,,,,,,,,0,101.0,101.0,594.059405940594,"(3.910260993246169, 0.7698336750110771)",4.236661714783191,mediumseagreen
2023-06-28 15:00:05,,,103.0,,,,,,,,,,,,,,,,,,,,,,,,,,,,,,,,,,,,,,0,103.0,103.0,582.5242718446602,"(3.910260993246169, 0.7698336750110771)",4.236661714783191,mediumseagreen
2023-06-28 15:00:06,,,104.0,,,,,,,,,,,,,,,,,,,,,,,,,,,,,,,,,,,,,,0,104.0,104.0,576.9230769230769,"(3.910260993246169, 0.7698336750110771)",4.236661714783191,mediumseagreen
2023-06-28 15:00:07,,,105.0,,,,,,,,,,,,,,,,,,,,,,,,,,,,,,,,,,,,,,0,105.0,105.0,571.4285714285714,"(3.910260993246169, 0.7698336750110771)",4.236661714783191,mediumseagreen
2023-06-28 15:00:08,,,105.0,,,,,,,,,,,,,,,,,,,,,,,,,,,,,,,,,,,,,,0,105.0,105.0,571.4285714285714,"(3.910260993246169, 0.7698336750110771)",4.236661714783191,mediumseagreen
2023-06-28 15:00:09,,,106.0,,,,,,,,,,,,,,,,,,,,,,,,,,,,,,,,,,,,,,0,106.0,106.0,566.0377358490566,"(3.910260993246169, 0.7698336750110771)",4.236661714783191,mediumseagreen
2023-06-28 15:00:10,,,106.0,,,,,,,,,,,,,,,,,,,,,,,,,,,,,,,,,,,,,,0,106.0,106.0,566.0377358490566,"(3.910260993246169, 0.7698336750110771)",4.236661714783191,mediumseagreen
2023-06-28 15:00:11,,,106.0,,,,,,,,,,,,,,,,,,,,,,,,,,,,,,,,,,,,,,0,106.0,106.0,566.0377358490566,"(3.910260993246169, 0.7698336750110771)",4.236661714783191,mediumseagreen
2023-06-28 15:00:12,,,106.0,,,,,,,,,,,,,,,,,,,,,,,,,,,,,,,,,,,,,,0,106.0,106.0,566.0377358490566,"(3.910260993246169, 0.7698336750110771)",4.236661714783191,mediumseagreen
2023-06-28 15:00:13,,,107.0,,,,,,,,,,,,,,,,,,,,,,,,,,,,,,,,,,,,,,0,107.0,107.0,560.7476635514018,"(3.910260993246169, 0.7698336750110771)",4.236661714783191,mediumseagreen
2023-06-28 15:00:14,,,107.0,,,,,,,,,,,,,,,,,,,,,,,,,,,,,,,,,,,,,,0,107.0,107.0,560.7476635514018,"(3.910260993246169, 0.7698336750110771)",4.236661714783191,mediumseagreen
2023-06-28 15:00:15,,,107.0,,,,,,,,,,,,,,,,,,,,,,,,,,,,,,,,,,,,,,0,107.0,107.0,560.7476635514018,"(3.910260993246169, 0.7698336750110771)",3.6979797501203313,mediumseagreen
2023-06-28 15:00:16,,,107.0,,,,,,,,,,,,,,,,,,,,,,,,,,,,,,,,,,,,,,0,107.0,107.0,560.7476635514018,"(3.910260993246169, 0.7698336750110771)",3.6979797501203313,mediumseagreen
2023-06-28 15:00:17,,,107.0,,,,,,,,,,,,,,,,,,,,,,,,,,,,,,,,,,,,,,0,107.0,107.0,560.7476635514018,"(3.910260993246169, 0.7698336750110771)",3.6979797501203313,mediumseagreen
2023-06-28 15:00:18,,,107.0,,,,,,,,,,,,,,,,,,,,,,,,,,,,,,,,,,,,,,0,107.0,107.0,560.7476635514018,"(3.910260993246169, 0.7698336750110771)",3.6979797501203313,mediumseagreen
2023-06-28 15:00:19,,,107.0,,,,,,,,,,,,,,,,,,,,,,,,,,,,,,,,,,,,,,0,107.0,107.0,560.7476635514018,"(3.910260993246169, 0.7698336750110771)",3.6979797501203313,mediumseagreen
2023-06-28 15:00:20,,,107.0,,,,,,,,,,,,,,,,,,,,,,,,,,,,,,,,,,,,,,0,107.0,107.0,560.7476635514018,"(3.910260993246169, 0.7698336750110771)",3.6979797501203313,mediumseagreen
2023-06-28 15:00:21,,,107.0,,,,,,,,,,,,,,,,,,,,,,,,,,,,,,,,,,,,,,0,107.0,107.0,560.7476635514018,"(3.910260993246169, 0.7698336750110771)",3.6979797501203313,mediumseagreen
2023-06-28 15:00:22,,,106.0,,,,,,,,,,,,,,,,,,,,,,,,,,,,,,,,,,,,,,0,106.0,106.0,566.0377358490566,"(3.910260993246169, 0.7698336750110771)",3.6979797501203313,mediumseagreen
2023-06-28 15:00:23,,,106.0,,,,,,,,,,,,,,,,,,,,,,,,,,,,,,,,,,,,,,0,106.0,106.0,566.0377358490566,"(3.910260993246169, 0.7698336750110771)",3.6979797501203313,mediumseagreen
2023-06-28 15:00:24,,,104.0,,,,,,,,,,,,,,,,,,,,,,,,,,,,,,,,,,,,,,0,104.0,104.0,576.9230769230769,"(3.910260993246169, 0.7698336750110771)",3.6979797501203313,mediumseagreen
2023-06-28 15:00:25,,,104.0,,,,,,,,,,,,,,,,,,,,,,,,,,,,,,,,,,,,,,0,104.0,104.0,576.9230769230769,"(3.910260993246169, 0.7698336750110771)",3.6979797501203313,mediumseagreen
2023-06-28 15:00:26,,,104.0,,,,,,,,,,,,,,,,,,,,,,,,,,,,,,,,,,,,,,0,104.0,104.0,576.9230769230769,"(3.910260993246169, 0.7698336750110771)",3.6979797501203313,mediumseagreen
2023-06-28 15:00:27,,,103.0,,,,,,,,,,,,,,,,,,,,,,,,,,,,,,,,,,,,,,0,103.0,103.0,582.5242718446602,"(3.910260993246169, 0.7698336750110771)",3.6979797501203313,mediumseagreen
2023-06-28 15:00:28,,,103.0,,,,,,,,,,,,,,,,,,,,,,,,,,,,,,,,,,,,,,0,103.0,103.0,582.5242718446602,"(3.910260993246169, 0.7698336750110771)",3.6979797501203313,mediumseagreen
2023-06-28 15:00:29,,,102.0,,,,,,,,,,,,,,,,,,,,,,,,,,,,,,,,,,,,,,0,102.0,102.0,588.2352941176471,"(3.910260993246169, 0.7698336750110771)",3.6979797501203313,mediumseagreen
2023-06-28 15:00:30,,,102.0,,,,,,,,,,,,,,,,,,,,,,,,,,,,,,,,,,,,,,0,102.0,102.0,588.2352941176471,"(3.910260993246169, 0.7698336750110771)",3.6979797501203313,mediumseagreen
2023-06-28 15:00:31,,,102.0,,,,,,,,,,,,,,,,,,,,,,,,,,,,,,,,,,,,,,0,102.0,102.0,588.2352941176471,"(3.910260993246169, 0.7698336750110771)",3.6979797501203313,mediumseagreen
2023-06-28 15:00:32,,,101.0,,,,,,,,,,,,,,,,,,,,,,,,,,,,,,,,,,,,,,0,101.0,101.0,594.059405940594,"(3.910260993246169, 0.7698336750110771)",3.6979797501203313,mediumseagreen
2023-06-28 15:00:33,,,101.0,,,,,,,,,,,,,,,,,,,,,,,,,,,,,,,,,,,,,,0,101.0,101.0,594.059405940594,"(3.910260993246169, 0.7698336750110771)",3.6979797501203313,mediumseagreen
2023-06-28 15:00:34,,,101.0,,,,,,,,,,,,,,,,,,,,,,,,,,,,,,,,,,,,,,0,101.0,101.0,594.059405940594,"(3.910260993246169, 0.7698336750110771)",3.6979797501203313,mediumseagreen
2023-06-28 15:00:35,,,101.0,,,,,,,,,,,,,,,,,,,,,,,,,,,,,,,,,,,,,,0,101.0,101.0,594.059405940594,"(3.910260993246169, 0.7698336750110771)",3.6979797501203313,mediumseagreen
2023-06-28 15:00:36,,,101.0,,,,,,,,,,,,,,,,,,,,,,,,,,,,,,,,,,,,,,0,101.0,101.0,594.059405940594,"(3.910260993246169, 0.7698336750110771)",3.6979797501203313,mediumseagreen
2023-06-28 15:00:37,,,102.0,,,,,,,,,,,,,,,,,,,,,,,,,,,,,,,,,,,,,,0,102.0,102.0,588.2352941176471,"(3.910260993246169, 0.7698336750110771)",3.6979797501203313,mediumseagreen
2023-06-28 15:00:38,,,103.0,,,,,,,,,,,,,,,,,,,,,,,,,,,,,,,,,,,,,,0,103.0,103.0,582.5242718446602,"(3.910260993246169, 0.7698336750110771)",3.6979797501203313,mediumseagreen
2023-06-28 15:00:39,,,103.0,,,,,,,,,,,,,,,,,,,,,,,,,,,,,,,,,,,,,,0,103.0,103.0,582.5242718446602,"(3.910260993246169, 0.7698336750110771)",3.6979797501203313,mediumseagreen
2023-06-28 15:00:40,,,103.0,,,,,,,,,,,,,,,,,,,,,,,,,,,,,,,,,,,,,,0,103.0,103.0,582.5242718446602,"(3.910260993246169, 0.7698336750110771)",3.6979797501203313,mediumseagreen
2023-06-28 15:00:41,,,104.0,,,,,,,,,,,,,,,,,,,,,,,,,,,,,,,,,,,,,,0,104.0,104.0,576.9230769230769,"(3.910260993246169, 0.7698336750110771)",3.6979797501203313,mediumseagreen
2023-06-28 15:00:42,,,104.0,,,,,,,,,,,,,,,,,,,,,,,,,,,,,,,,,,,,,,0,104.0,104.0,576.9230769230769,"(3.910260993246169, 0.7698336750110771)",3.6979797501203313,mediumseagreen
2023-06-28 15:00:43,,,105.0,,,,,,,,,,,,,,,,,,,,,,,,,,,,,,,,,,,,,,0,105.0,105.0,571.4285714285714,"(3.910260993246169, 0.7698336750110771)",3.6979797501203313,mediumseagreen
2023-06-28 15:00:44,,,106.0,,,,,,,,,,,,,,,,,,,,,,,,,,,,,,,,,,,,,,0,106.0,106.0,566.0377358490566,"(3.910260993246169, 0.7698336750110771)",3.6979797501203313,mediumseagreen
2023-06-28 15:00:45,,,107.0,,,,,,,,,,,,,,,,,,,,,,,,,,,,,,,,,,,,,,0,107.0,107.0,560.7476635514018,"(3.910260993246169, 0.7698336750110771)",3.3843895402336726,mediumseagreen
2023-06-28 15:00:46,,,108.0,,,,,,,,,,,,,,,,,,,,,,,,,,,,,,,,,,,,,,0,108.0,108.0,555.5555555555555,"(3.910260993246169, 0.7698336750110771)",3.3843895402336726,mediumseagreen
2023-06-28 15:00:47,,,109.0,,,,,,,,,,,,,,,,,,,,,,,,,,,,,,,,,,,,,,0,109.0,109.0,550.4587155963303,"(3.910260993246169, 0.7698336750110771)",3.3843895402336726,mediumseagreen
2023-06-28 15:00:48,,,109.0,,,,,,,,,,,,,,,,,,,,,,,,,,,,,,,,,,,,,,0,109.0,109.0,550.4587155963303,"(3.910260993246169, 0.7698336750110771)",3.3843895402336726,mediumseagreen
2023-06-28 15:00:49,,,109.0,,,,,,,,,,,,,,,,,,,,,,,,,,,,,,,,,,,,,,0,109.0,109.0,550.4587155963303,"(3.910260993246169, 0.7698336750110771)",3.3843895402336726,mediumseagreen
2023-06-28 15:00:50,,,109.0,,,,,,,,,,,,,,,,,,,,,,,,,,,,,,,,,,,,,,0,109.0,109.0,550.4587155963303,"(3.910260993246169, 0.7698336750110771)",3.3843895402336726,mediumseagreen
2023-06-28 15:00:51,,,108.0,,,,,,,,,,,,,,,,,,,,,,,,,,,,,,,,,,,,,,0,108.0,108.0,555.5555555555555,"(3.910260993246169, 0.7698336750110771)",3.3843895402336726,mediumseagreen
2023-06-28 15:00:52,,,108.0,,,,,,,,,,,,,,,,,,,,,,,,,,,,,,,,,,,,,,0,108.0,108.0,555.5555555555555,"(3.910260993246169, 0.7698336750110771)",3.3843895402336726,mediumseagreen
2023-06-28 15:00:53,,,107.0,,,,,,,,,,,,,,,,,,,,,,,,,,,,,,,,,,,,,,0,107.0,107.0,560.7476635514018,"(3.910260993246169, 0.7698336750110771)",3.3843895402336726,mediumseagreen
2023-06-28 15:00:54,,,107.0,,,,,,,,,,,,,,,,,,,,,,,,,,,,,,,,,,,,,,0,107.0,107.0,560.7476635514018,"(3.910260993246169, 0.7698336750110771)",3.3843895402336726,mediumseagreen
2023-06-28 15:00:55,,,107.0,,,,,,,,,,,,,,,,,,,,,,,,,,,,,,,,,,,,,,0,107.0,107.0,560.7476635514018,"(3.910260993246169, 0.7698336750110771)",3.3843895402336726,mediumseagreen
2023-06-28 15:00:56,,,107.0,,,,,,,,,,,,,,,,,,,,,,,,,,,,,,,,,,,,,,0,107.0,107.0,560.7476635514018,"(3.910260993246169, 0.7698336750110771)",3.3843895402336726,mediumseagreen
2023-06-28 15:00:57,,,107.0,,,,,,,,,,,,,,,,,,,,,,,,,,,,,,,,,,,,,,0,107.0,107.0,560.7476635514018,"(3.910260993246169, 0.7698336750110771)",3.3843895402336726,mediumseagreen
2023-06-28 15:00:58,,,108.0,,,,,,,,,,,,,,,,,,,,,,,,,,,,,,,,,,,,,,0,108.0,108.0,555.5555555555555,"(3.910260993246169, 0.7698336750110771)",3.3843895402336726,mediumseagreen
2023-06-28 15:00:59,,,108.0,,,,,,,,,,,,,,,,,,,,,,,,,,,,,,,,,,,,,,0,108.0,108.0,555.5555555555555,"(3.910260993246169, 0.7698336750110771)",3.3843895402336726,mediumseagreen
2023-06-28 15:01:00,,,108.0,,,,,,,,,,,,,,,,,,,,,,,,,,,,,,,,,,,,,,0,108.0,108.0,555.5555555555555,"(3.910260993246169, 0.7698336750110771)",3.3843895402336726,mediumseagreen
2023-06-28 15:01:01,,,108.0,,,,,,,,,,,,,,,,,,,,,,,,,,,,,,,,,,,,,,0,108.0,108.0,555.5555555555555,"(3.910260993246169, 0.7698336750110771)",3.3843895402336726,mediumseagreen
2023-06-28 15:01:02,,,108.0,,,,,,,,,,,,,,,,,,,,,,,,,,,,,,,,,,,,,,0,108.0,108.0,555.5555555555555,"(3.910260993246169, 0.7698336750110771)",3.3843895402336726,mediumseagreen
2023-06-28 15:01:03,,,109.0,,,,,,,,,,,,,,,,,,,,,,,,,,,,,,,,,,,,,,0,109.0,109.0,550.4587155963303,"(3.910260993246169, 0.7698336750110771)",3.3843895402336726,mediumseagreen
2023-06-28 15:01:04,,,109.0,,,,,,,,,,,,,,,,,,,,,,,,,,,,,,,,,,,,,,0,109.0,109.0,550.4587155963303,"(3.910260993246169, 0.7698336750110771)",3.3843895402336726,mediumseagreen
2023-06-28 15:01:05,,,110.0,,,,,,,,,,,,,,,,,,,,,,,,,,,,,,,,,,,,,,0,110.0,110.0,545.4545454545455,"(3.910260993246169, 0.7698336750110771)",3.3843895402336726,mediumseagreen
2023-06-28 15:01:06,,,110.0,,,,,,,,,,,,,,,,,,,,,,,,,,,,,,,,,,,,,,0,110.0,110.0,545.4545454545455,"(3.910260993246169, 0.7698336750110771)",3.3843895402336726,mediumseagreen
2023-06-28 15:01:07,,,110.0,,,,,,,,,,,,,,,,,,,,,,,,,,,,,,,,,,,,,,0,110.0,110.0,545.4545454545455,"(3.910260993246169, 0.7698336750110771)",3.3843895402336726,mediumseagreen
2023-06-28 15:01:08,,,110.0,,,,,,,,,,,,,,,,,,,,,,,,,,,,,,,,,,,,,,0,110.0,110.0,545.4545454545455,"(3.910260993246169, 0.7698336750110771)",3.3843895402336726,mediumseagreen
2023-06-28 15:01:09,,,109.0,,,,,,,,,,,,,,,,,,,,,,,,,,,,,,,,,,,,,,0,109.0,109.0,550.4587155963303,"(3.910260993246169, 0.7698336750110771)",3.3843895402336726,mediumseagreen
2023-06-28 15:01:10,,,109.0,,,,,,,,,,,,,,,,,,,,,,,,,,,,,,,,,,,,,,0,109.0,109.0,550.4587155963303,"(3.910260993246169, 0.7698336750110771)",3.3843895402336726,mediumseagreen
2023-06-28 15:01:11,,,108.0,,,,,,,,,,,,,,,,,,,,,,,,,,,,,,,,,,,,,,0,108.0,108.0,555.5555555555555,"(3.910260993246169, 0.7698336750110771)",3.3843895402336726,mediumseagreen
2023-06-28 15:01:12,,,108.0,,,,,,,,,,,,,,,,,,,,,,,,,,,,,,,,,,,,,,0,108.0,108.0,555.5555555555555,"(3.910260993246169, 0.7698336750110771)",3.3843895402336726,mediumseagreen
2023-06-28 15:01:13,,,108.0,,,,,,,,,,,,,,,,,,,,,,,,,,,,,,,,,,,,,,0,108.0,108.0,555.5555555555555,"(3.910260993246169, 0.7698336750110771)",3.3843895402336726,mediumseagreen
2023-06-28 15:01:14,,,108.0,,,,,,,,,,,,,,,,,,,,,,,,,,,,,,,,,,,,,,0,108.0,108.0,555.5555555555555,"(3.910260993246169, 0.7698336750110771)",3.3843895402336726,mediumseagreen
2023-06-28 15:01:15,,,108.0,,,,,,,,,,,,,,,,,,,,,,,,,,,,,,,,,,,,,,0,108.0,108.0,555.5555555555555,"(3.910260993246169, 0.7698336750110771)",4.272474643598567,mediumseagreen
2023-06-28 15:01:16,,,108.0,,,,,,,,,,,,,,,,,,,,,,,,,,,,,,,,,,,,,,0,108.0,108.0,555.5555555555555,"(3.910260993246169, 0.7698336750110771)",4.272474643598567,mediumseagreen
2023-06-28 15:01:17,,,109.0,,,,,,,,,,,,,,,,,,,,,,,,,,,,,,,,,,,,,,0,109.0,109.0,550.4587155963303,"(3.910260993246169, 0.7698336750110771)",4.272474643598567,mediumseagreen
2023-06-28 15:01:18,,,110.0,,,,,,,,,,,,,,,,,,,,,,,,,,,,,,,,,,,,,,0,110.0,110.0,545.4545454545455,"(3.910260993246169, 0.7698336750110771)",4.272474643598567,mediumseagreen
2023-06-28 15:01:19,,,109.0,,,,,,,,,,,,,,,,,,,,,,,,,,,,,,,,,,,,,,0,109.0,109.0,550.4587155963303,"(3.910260993246169, 0.7698336750110771)",4.272474643598567,mediumseagreen
2023-06-28 15:01:20,,,109.0,,,,,,,,,,,,,,,,,,,,,,,,,,,,,,,,,,,,,,0,109.0,109.0,550.4587155963303,"(3.910260993246169, 0.7698336750110771)",4.272474643598567,mediumseagreen
2023-06-28 15:01:21,,,108.0,,,,,,,,,,,,,,,,,,,,,,,,,,,,,,,,,,,,,,0,108.0,108.0,555.5555555555555,"(3.910260993246169, 0.7698336750110771)",4.272474643598567,mediumseagreen
2023-06-28 15:01:22,,,107.0,,,,,,,,,,,,,,,,,,,,,,,,,,,,,,,,,,,,,,0,107.0,107.0,560.7476635514018,"(3.910260993246169, 0.7698336750110771)",4.272474643598567,mediumseagreen
2023-06-28 15:01:23,,,106.0,,,,,,,,,,,,,,,,,,,,,,,,,,,,,,,,,,,,,,0,106.0,106.0,566.0377358490566,"(3.910260993246169, 0.7698336750110771)",4.272474643598567,mediumseagreen
2023-06-28 15:01:24,,,106.0,,,,,,,,,,,,,,,,,,,,,,,,,,,,,,,,,,,,,,0,106.0,106.0,566.0377358490566,"(3.910260993246169, 0.7698336750110771)",4.272474643598567,mediumseagreen
2023-06-28 15:01:25,,,106.0,,,,,,,,,,,,,,,,,,,,,,,,,,,,,,,,,,,,,,0,106.0,106.0,566.0377358490566,"(3.910260993246169, 0.7698336750110771)",4.272474643598567,mediumseagreen
2023-06-28 15:01:26,,,105.0,,,,,,,,,,,,,,,,,,,,,,,,,,,,,,,,,,,,,,0,105.0,105.0,571.4285714285714,"(3.910260993246169, 0.7698336750110771)",4.272474643598567,mediumseagreen
2023-06-28 15:01:27,,,105.0,,,,,,,,,,,,,,,,,,,,,,,,,,,,,,,,,,,,,,0,105.0,105.0,571.4285714285714,"(3.910260993246169, 0.7698336750110771)",4.272474643598567,mediumseagreen
2023-06-28 15:01:28,,,105.0,,,,,,,,,,,,,,,,,,,,,,,,,,,,,,,,,,,,,,0,105.0,105.0,571.4285714285714,"(3.910260993246169, 0.7698336750110771)",4.272474643598567,mediumseagreen
2023-06-28 15:01:29,,,105.0,,,,,,,,,,,,,,,,,,,,,,,,,,,,,,,,,,,,,,0,105.0,105.0,571.4285714285714,"(3.910260993246169, 0.7698336750110771)",4.272474643598567,mediumseagreen
2023-06-28 15:01:30,,,104.0,,,,,,,,,,,,,,,,,,,,,,,,,,,,,,,,,,,,,,0,104.0,104.0,576.9230769230769,"(3.910260993246169, 0.7698336750110771)",4.272474643598567,mediumseagreen
2023-06-28 15:01:31,,,103.0,,,,,,,,,,,,,,,,,,,,,,,,,,,,,,,,,,,,,,0,103.0,103.0,582.5242718446602,"(3.910260993246169, 0.7698336750110771)",4.272474643598567,mediumseagreen
2023-06-28 15:01:32,,,103.0,,,,,,,,,,,,,,,,,,,,,,,,,,,,,,,,,,,,,,0,103.0,103.0,582.5242718446602,"(3.910260993246169, 0.7698336750110771)",4.272474643598567,mediumseagreen
2023-06-28 15:01:33,,,103.0,,,,,,,,,,,,,,,,,,,,,,,,,,,,,,,,,,,,,,0,103.0,103.0,582.5242718446602,"(3.910260993246169, 0.7698336750110771)",4.272474643598567,mediumseagreen
2023-06-28 15:01:34,,,103.0,,,,,,,,,,,,,,,,,,,,,,,,,,,,,,,,,,,,,,0,103.0,103.0,582.5242718446602,"(3.910260993246169, 0.7698336750110771)",4.272474643598567,mediumseagreen
2023-06-28 15:01:35,,,103.0,,,,,,,,,,,,,,,,,,,,,,,,,,,,,,,,,,,,,,0,103.0,103.0,582.5242718446602,"(3.910260993246169, 0.7698336750110771)",4.272474643598567,mediumseagreen
2023-06-28 15:01:36,,,103.0,,,,,,,,,,,,,,,,,,,,,,,,,,,,,,,,,,,,,,0,103.0,103.0,582.5242718446602,"(3.910260993246169, 0.7698336750110771)",4.272474643598567,mediumseagreen
2023-06-28 15:01:37,,,104.0,,,,,,,,,,,,,,,,,,,,,,,,,,,,,,,,,,,,,,0,104.0,104.0,576.9230769230769,"(3.910260993246169, 0.7698336750110771)",4.272474643598567,mediumseagreen
2023-06-28 15:01:38,,,106.0,,,,,,,,,,,,,,,,,,,,,,,,,,,,,,,,,,,,,,0,106.0,106.0,566.0377358490566,"(3.910260993246169, 0.7698336750110771)",4.272474643598567,mediumseagreen
2023-06-28 15:01:39,,,106.0,,,,,,,,,,,,,,,,,,,,,,,,,,,,,,,,,,,,,,0,106.0,106.0,566.0377358490566,"(3.910260993246169, 0.7698336750110771)",4.272474643598567,mediumseagreen
2023-06-28 15:01:40,,,107.0,,,,,,,,,,,,,,,,,,,,,,,,,,,,,,,,,,,,,,0,107.0,107.0,560.7476635514018,"(3.910260993246169, 0.7698336750110771)",4.272474643598567,mediumseagreen
2023-06-28 15:01:41,,,108.0,,,,,,,,,,,,,,,,,,,,,,,,,,,,,,,,,,,,,,0,108.0,108.0,555.5555555555555,"(3.910260993246169, 0.7698336750110771)",4.272474643598567,mediumseagreen
2023-06-28 15:01:42,,,108.0,,,,,,,,,,,,,,,,,,,,,,,,,,,,,,,,,,,,,,0,108.0,108.0,555.5555555555555,"(3.910260993246169, 0.7698336750110771)",4.272474643598567,mediumseagreen
2023-06-28 15:01:43,,,108.0,,,,,,,,,,,,,,,,,,,,,,,,,,,,,,,,,,,,,,0,108.0,108.0,555.5555555555555,"(3.910260993246169, 0.7698336750110771)",4.272474643598567,mediumseagreen
2023-06-28 15:01:44,,,108.0,,,,,,,,,,,,,,,,,,,,,,,,,,,,,,,,,,,,,,0,108.0,108.0,555.5555555555555,"(3.910260993246169, 0.7698336750110771)",4.272474643598567,mediumseagreen
2023-06-28 15:01:45,,,107.0,,,,,,,,,,,,,,,,,,,,,,,,,,,,,,,,,,,,,,0,107.0,107.0,560.7476635514018,"(3.910260993246169, 0.7698336750110771)",5.700759141524925,steelblue
2023-06-28 15:01:46,,,107.0,,,,,,,,,,,,,,,,,,,,,,,,,,,,,,,,,,,,,,0,107.0,107.0,560.7476635514018,"(3.910260993246169, 0.7698336750110771)",5.700759141524925,steelblue
2023-06-28 15:01:47,,,105.0,,,,,,,,,,,,,,,,,,,,,,,,,,,,,,,,,,,,,,0,105.0,105.0,571.4285714285714,"(3.910260993246169, 0.7698336750110771)",5.700759141524925,steelblue
2023-06-28 15:01:48,,,103.0,,,,,,,,,,,,,,,,,,,,,,,,,,,,,,,,,,,,,,0,103.0,103.0,582.5242718446602,"(3.910260993246169, 0.7698336750110771)",5.700759141524925,steelblue
2023-06-28 15:01:49,,,102.0,,,,,,,,,,,,,,,,,,,,,,,,,,,,,,,,,,,,,,0,102.0,102.0,588.2352941176471,"(3.910260993246169, 0.7698336750110771)",5.700759141524925,steelblue
2023-06-28 15:01:50,,,102.0,,,,,,,,,,,,,,,,,,,,,,,,,,,,,,,,,,,,,,0,102.0,102.0,588.2352941176471,"(3.910260993246169, 0.7698336750110771)",5.700759141524925,steelblue
2023-06-28 15:01:51,,,101.0,,,,,,,,,,,,,,,,,,,,,,,,,,,,,,,,,,,,,,0,101.0,101.0,594.059405940594,"(3.910260993246169, 0.7698336750110771)",5.700759141524925,steelblue
2023-06-28 15:01:52,,,101.0,,,,,,,,,,,,,,,,,,,,,,,,,,,,,,,,,,,,,,0,101.0,101.0,594.059405940594,"(3.910260993246169, 0.7698336750110771)",5.700759141524925,steelblue
2023-06-28 15:01:53,,,100.0,,,,,,,,,,,,,,,,,,,,,,,,,,,,,,,,,,,,,,0,100.0,100.0,600.0,"(3.910260993246169, 0.7698336750110771)",5.700759141524925,steelblue
2023-06-28 15:01:54,,,99.0,,,,,,,,,,,,,,,,,,,,,,,,,,,,,,,,,,,,,,0,99.0,99.0,606.060606060606,"(3.910260993246169, 0.7698336750110771)",5.700759141524925,steelblue
2023-06-28 15:01:55,,,98.0,,,,,,,,,,,,,,,,,,,,,,,,,,,,,,,,,,,,,,0,98.0,98.0,612.2448979591836,"(3.910260993246169, 0.7698336750110771)",5.700759141524925,steelblue
2023-06-28 15:01:56,,,97.0,,,,,,,,,,,,,,,,,,,,,,,,,,,,,,,,,,,,,,0,97.0,97.0,618.5567010309278,"(3.910260993246169, 0.7698336750110771)",5.700759141524925,steelblue
2023-06-28 15:01:57,,,96.0,,,,,,,,,,,,,,,,,,,,,,,,,,,,,,,,,,,,,,0,96.0,96.0,625.0,"(3.910260993246169, 0.7698336750110771)",5.700759141524925,steelblue
2023-06-28 15:01:58,,,96.0,,,,,,,,,,,,,,,,,,,,,,,,,,,,,,,,,,,,,,0,96.0,96.0,625.0,"(3.910260993246169, 0.7698336750110771)",5.700759141524925,steelblue
2023-06-28 15:01:59,,,96.0,,,,,,,,,,,,,,,,,,,,,,,,,,,,,,,,,,,,,,0,96.0,96.0,625.0,"(3.910260993246169, 0.7698336750110771)",5.700759141524925,steelblue
2023-06-28 15:02:00,,,96.0,,,,,,,,,,,,,,,,,,,,,,,,,,,,,,,,,,,,,,0,96.0,96.0,625.0,"(3.910260993246169, 0.7698336750110771)",5.700759141524925,steelblue
2023-06-28 15:02:01,,,96.0,,,,,,,,,,,,,,,,,,,,,,,,,,,,,,,,,,,,,,0,96.0,96.0,625.0,"(3.910260993246169, 0.7698336750110771)",5.700759141524925,steelblue
2023-06-28 15:02:02,,,96.0,,,,,,,,,,,,,,,,,,,,,,,,,,,,,,,,,,,,,,0,96.0,96.0,625.0,"(3.910260993246169, 0.7698336750110771)",5.700759141524925,steelblue
2023-06-28 15:02:03,,,97.0,,,,,,,,,,,,,,,,,,,,,,,,,,,,,,,,,,,,,,0,97.0,97.0,618.5567010309278,"(3.910260993246169, 0.7698336750110771)",5.700759141524925,steelblue
2023-06-28 15:02:04,,,99.0,,,,,,,,,,,,,,,,,,,,,,,,,,,,,,,,,,,,,,0,99.0,99.0,606.060606060606,"(3.910260993246169, 0.7698336750110771)",5.700759141524925,steelblue
2023-06-28 15:02:05,,,100.0,,,,,,,,,,,,,,,,,,,,,,,,,,,,,,,,,,,,,,0,100.0,100.0,600.0,"(3.910260993246169, 0.7698336750110771)",5.700759141524925,steelblue
2023-06-28 15:02:06,,,100.0,,,,,,,,,,,,,,,,,,,,,,,,,,,,,,,,,,,,,,0,100.0,100.0,600.0,"(3.910260993246169, 0.7698336750110771)",5.700759141524925,steelblue
2023-06-28 15:02:07,,,101.0,,,,,,,,,,,,,,,,,,,,,,,,,,,,,,,,,,,,,,0,101.0,101.0,594.059405940594,"(3.910260993246169, 0.7698336750110771)",5.700759141524925,steelblue
2023-06-28 15:02:08,,,102.0,,,,,,,,,,,,,,,,,,,,,,,,,,,,,,,,,,,,,,0,102.0,102.0,588.2352941176471,"(3.910260993246169, 0.7698336750110771)",5.700759141524925,steelblue
2023-06-28 15:02:09,,,104.0,,,,,,,,,,,,,,,,,,,,,,,,,,,,,,,,,,,,,,0,104.0,104.0,576.9230769230769,"(3.910260993246169, 0.7698336750110771)",5.700759141524925,steelblue
2023-06-28 15:02:10,,,106.0,,,,,,,,,,,,,,,,,,,,,,,,,,,,,,,,,,,,,,0,106.0,106.0,566.0377358490566,"(3.910260993246169, 0.7698336750110771)",5.700759141524925,steelblue
2023-06-28 15:02:11,,,106.0,,,,,,,,,,,,,,,,,,,,,,,,,,,,,,,,,,,,,,0,106.0,106.0,566.0377358490566,"(3.910260993246169, 0.7698336750110771)",5.700759141524925,steelblue
2023-06-28 15:02:12,,,106.0,,,,,,,,,,,,,,,,,,,,,,,,,,,,,,,,,,,,,,0,106.0,106.0,566.0377358490566,"(3.910260993246169, 0.7698336750110771)",5.700759141524925,steelblue
2023-06-28 15:02:13,,,106.0,,,,,,,,,,,,,,,,,,,,,,,,,,,,,,,,,,,,,,0,106.0,106.0,566.0377358490566,"(3.910260993246169, 0.7698336750110771)",5.700759141524925,steelblue
2023-06-28 15:02:14,,,105.0,,,,,,,,,,,,,,,,,,,,,,,,,,,,,,,,,,,,,,0,105.0,105.0,571.4285714285714,"(3.910260993246169, 0.7698336750110771)",5.700759141524925,steelblue
2023-06-28 15:02:15,,,105.0,,,,,,,,,,,,,,,,,,,,,,,,,,,,,,,,,,,,,,0,105.0,105.0,571.4285714285714,"(3.910260993246169, 0.7698336750110771)",5.601333148876975,steelblue
2023-06-28 15:02:16,,,105.0,,,,,,,,,,,,,,,,,,,,,,,,,,,,,,,,,,,,,,0,105.0,105.0,571.4285714285714,"(3.910260993246169, 0.7698336750110771)",5.601333148876975,steelblue
2023-06-28 15:02:17,,,104.0,,,,,,,,,,,,,,,,,,,,,,,,,,,,,,,,,,,,,,0,104.0,104.0,576.9230769230769,"(3.910260993246169, 0.7698336750110771)",5.601333148876975,steelblue
2023-06-28 15:02:18,,,103.0,,,,,,,,,,,,,,,,,,,,,,,,,,,,,,,,,,,,,,0,103.0,103.0,582.5242718446602,"(3.910260993246169, 0.7698336750110771)",5.601333148876975,steelblue
2023-06-28 15:02:19,,,103.0,,,,,,,,,,,,,,,,,,,,,,,,,,,,,,,,,,,,,,0,103.0,103.0,582.5242718446602,"(3.910260993246169, 0.7698336750110771)",5.601333148876975,steelblue
2023-06-28 15:02:20,,,102.0,,,,,,,,,,,,,,,,,,,,,,,,,,,,,,,,,,,,,,0,102.0,102.0,588.2352941176471,"(3.910260993246169, 0.7698336750110771)",5.601333148876975,steelblue
2023-06-28 15:02:21,,,101.0,,,,,,,,,,,,,,,,,,,,,,,,,,,,,,,,,,,,,,0,101.0,101.0,594.059405940594,"(3.910260993246169, 0.7698336750110771)",5.601333148876975,steelblue
2023-06-28 15:02:22,,,97.0,,,,,,,,,,,,,,,,,,,,,,,,,,,,,,,,,,,,,,0,97.0,97.0,618.5567010309278,"(3.910260993246169, 0.7698336750110771)",5.601333148876975,steelblue
2023-06-28 15:02:23,,,95.0,,,,,,,,,,,,,,,,,,,,,,,,,,,,,,,,,,,,,,0,95.0,95.0,631.578947368421,"(3.910260993246169, 0.7698336750110771)",5.601333148876975,steelblue
2023-06-28 15:02:24,,,95.0,,,,,,,,,,,,,,,,,,,,,,,,,,,,,,,,,,,,,,0,95.0,95.0,631.578947368421,"(3.910260993246169, 0.7698336750110771)",5.601333148876975,steelblue
2023-06-28 15:02:25,,,95.0,,,,,,,,,,,,,,,,,,,,,,,,,,,,,,,,,,,,,,0,95.0,95.0,631.578947368421,"(3.910260993246169, 0.7698336750110771)",5.601333148876975,steelblue
2023-06-28 15:02:26,,,96.0,,,,,,,,,,,,,,,,,,,,,,,,,,,,,,,,,,,,,,0,96.0,96.0,625.0,"(3.910260993246169, 0.7698336750110771)",5.601333148876975,steelblue
2023-06-28 15:02:27,,,97.0,,,,,,,,,,,,,,,,,,,,,,,,,,,,,,,,,,,,,,0,97.0,97.0,618.5567010309278,"(3.910260993246169, 0.7698336750110771)",5.601333148876975,steelblue
2023-06-28 15:02:28,,,97.0,,,,,,,,,,,,,,,,,,,,,,,,,,,,,,,,,,,,,,0,97.0,97.0,618.5567010309278,"(3.910260993246169, 0.7698336750110771)",5.601333148876975,steelblue
2023-06-28 15:02:29,,,97.0,,,,,,,,,,,,,,,,,,,,,,,,,,,,,,,,,,,,,,0,97.0,97.0,618.5567010309278,"(3.910260993246169, 0.7698336750110771)",5.601333148876975,steelblue
2023-06-28 15:02:30,,,99.0,,,,,,,,,,,,,,,,,,,,,,,,,,,,,,,,,,,,,,0,99.0,99.0,606.060606060606,"(3.910260993246169, 0.7698336750110771)",5.601333148876975,steelblue
2023-06-28 15:02:31,,,99.0,,,,,,,,,,,,,,,,,,,,,,,,,,,,,,,,,,,,,,0,99.0,99.0,606.060606060606,"(3.910260993246169, 0.7698336750110771)",5.601333148876975,steelblue
2023-06-28 15:02:32,,,99.0,,,,,,,,,,,,,,,,,,,,,,,,,,,,,,,,,,,,,,0,99.0,99.0,606.060606060606,"(3.910260993246169, 0.7698336750110771)",5.601333148876975,steelblue
2023-06-28 15:02:33,,,100.0,,,,,,,,,,,,,,,,,,,,,,,,,,,,,,,,,,,,,,0,100.0,100.0,600.0,"(3.910260993246169, 0.7698336750110771)",5.601333148876975,steelblue
2023-06-28 15:02:34,,,100.0,,,,,,,,,,,,,,,,,,,,,,,,,,,,,,,,,,,,,,0,100.0,100.0,600.0,"(3.910260993246169, 0.7698336750110771)",5.601333148876975,steelblue
2023-06-28 15:02:35,,,101.0,,,,,,,,,,,,,,,,,,,,,,,,,,,,,,,,,,,,,,0,101.0,101.0,594.059405940594,"(3.910260993246169, 0.7698336750110771)",5.601333148876975,steelblue
2023-06-28 15:02:36,,,101.0,,,,,,,,,,,,,,,,,,,,,,,,,,,,,,,,,,,,,,0,101.0,101.0,594.059405940594,"(3.910260993246169, 0.7698336750110771)",5.601333148876975,steelblue
2023-06-28 15:02:37,,,101.0,,,,,,,,,,,,,,,,,,,,,,,,,,,,,,,,,,,,,,0,101.0,101.0,594.059405940594,"(3.910260993246169, 0.7698336750110771)",5.601333148876975,steelblue
2023-06-28 15:02:38,,,101.0,,,,,,,,,,,,,,,,,,,,,,,,,,,,,,,,,,,,,,0,101.0,101.0,594.059405940594,"(3.910260993246169, 0.7698336750110771)",5.601333148876975,steelblue
2023-06-28 15:02:39,,,101.0,,,,,,,,,,,,,,,,,,,,,,,,,,,,,,,,,,,,,,0,101.0,101.0,594.059405940594,"(3.910260993246169, 0.7698336750110771)",5.601333148876975,steelblue
2023-06-28 15:02:40,,,101.0,,,,,,,,,,,,,,,,,,,,,,,,,,,,,,,,,,,,,,0,101.0,101.0,594.059405940594,"(3.910260993246169, 0.7698336750110771)",5.601333148876975,steelblue
2023-06-28 15:02:41,,,101.0,,,,,,,,,,,,,,,,,,,,,,,,,,,,,,,,,,,,,,0,101.0,101.0,594.059405940594,"(3.910260993246169, 0.7698336750110771)",5.601333148876975,steelblue
2023-06-28 15:02:42,,,102.0,,,,,,,,,,,,,,,,,,,,,,,,,,,,,,,,,,,,,,0,102.0,102.0,588.2352941176471,"(3.910260993246169, 0.7698336750110771)",5.601333148876975,steelblue
2023-06-28 15:02:43,,,102.0,,,,,,,,,,,,,,,,,,,,,,,,,,,,,,,,,,,,,,0,102.0,102.0,588.2352941176471,"(3.910260993246169, 0.7698336750110771)",5.601333148876975,steelblue
2023-06-28 15:02:44,,,102.0,,,,,,,,,,,,,,,,,,,,,,,,,,,,,,,,,,,,,,0,102.0,102.0,588.2352941176471,"(3.910260993246169, 0.7698336750110771)",5.601333148876975,steelblue
2023-06-28 15:02:45,,,102.0,,,,,,,,,,,,,,,,,,,,,,,,,,,,,,,,,,,,,,0,102.0,102.0,588.2352941176471,"(3.910260993246169, 0.7698336750110771)",4.116058681266647,mediumseagreen
2023-06-28 15:02:46,,,102.0,,,,,,,,,,,,,,,,,,,,,,,,,,,,,,,,,,,,,,0,102.0,102.0,588.2352941176471,"(3.910260993246169, 0.7698336750110771)",4.116058681266647,mediumseagreen
2023-06-28 15:02:47,,,101.0,,,,,,,,,,,,,,,,,,,,,,,,,,,,,,,,,,,,,,0,101.0,101.0,594.059405940594,"(3.910260993246169, 0.7698336750110771)",4.116058681266647,mediumseagreen
2023-06-28 15:02:48,,,101.0,,,,,,,,,,,,,,,,,,,,,,,,,,,,,,,,,,,,,,0,101.0,101.0,594.059405940594,"(3.910260993246169, 0.7698336750110771)",4.116058681266647,mediumseagreen
2023-06-28 15:02:49,,,101.0,,,,,,,,,,,,,,,,,,,,,,,,,,,,,,,,,,,,,,0,101.0,101.0,594.059405940594,"(3.910260993246169, 0.7698336750110771)",4.116058681266647,mediumseagreen
2023-06-28 15:02:50,,,101.0,,,,,,,,,,,,,,,,,,,,,,,,,,,,,,,,,,,,,,0,101.0,101.0,594.059405940594,"(3.910260993246169, 0.7698336750110771)",4.116058681266647,mediumseagreen
2023-06-28 15:02:51,,,102.0,,,,,,,,,,,,,,,,,,,,,,,,,,,,,,,,,,,,,,0,102.0,102.0,588.2352941176471,"(3.910260993246169, 0.7698336750110771)",4.116058681266647,mediumseagreen
2023-06-28 15:02:52,,,102.0,,,,,,,,,,,,,,,,,,,,,,,,,,,,,,,,,,,,,,0,102.0,102.0,588.2352941176471,"(3.910260993246169, 0.7698336750110771)",4.116058681266647,mediumseagreen
2023-06-28 15:02:53,,,103.0,,,,,,,,,,,,,,,,,,,,,,,,,,,,,,,,,,,,,,0,103.0,103.0,582.5242718446602,"(3.910260993246169, 0.7698336750110771)",4.116058681266647,mediumseagreen
2023-06-28 15:02:54,,,103.0,,,,,,,,,,,,,,,,,,,,,,,,,,,,,,,,,,,,,,0,103.0,103.0,582.5242718446602,"(3.910260993246169, 0.7698336750110771)",4.116058681266647,mediumseagreen
2023-06-28 15:02:55,,,103.0,,,,,,,,,,,,,,,,,,,,,,,,,,,,,,,,,,,,,,0,103.0,103.0,582.5242718446602,"(3.910260993246169, 0.7698336750110771)",4.116058681266647,mediumseagreen
2023-06-28 15:02:56,,,103.0,,,,,,,,,,,,,,,,,,,,,,,,,,,,,,,,,,,,,,0,103.0,103.0,582.5242718446602,"(3.910260993246169, 0.7698336750110771)",4.116058681266647,mediumseagreen
2023-06-28 15:02:57,,,103.0,,,,,,,,,,,,,,,,,,,,,,,,,,,,,,,,,,,,,,0,103.0,103.0,582.5242718446602,"(3.910260993246169, 0.7698336750110771)",4.116058681266647,mediumseagreen
2023-06-28 15:02:58,,,104.0,,,,,,,,,,,,,,,,,,,,,,,,,,,,,,,,,,,,,,0,104.0,104.0,576.9230769230769,"(3.910260993246169, 0.7698336750110771)",4.116058681266647,mediumseagreen
2023-06-28 15:02:59,,,104.0,,,,,,,,,,,,,,,,,,,,,,,,,,,,,,,,,,,,,,0,104.0,104.0,576.9230769230769,"(3.910260993246169, 0.7698336750110771)",4.116058681266647,mediumseagreen
2023-06-28 15:03:00,,,105.0,,,,,,,,,,,,,,,,,,,,,,,,,,,,,,,,,,,,,,0,105.0,105.0,571.4285714285714,"(3.910260993246169, 0.7698336750110771)",4.116058681266647,mediumseagreen
2023-06-28 15:03:01,,,105.0,,,,,,,,,,,,,,,,,,,,,,,,,,,,,,,,,,,,,,0,105.0,105.0,571.4285714285714,"(3.910260993246169, 0.7698336750110771)",4.116058681266647,mediumseagreen
2023-06-28 15:03:02,,,105.0,,,,,,,,,,,,,,,,,,,,,,,,,,,,,,,,,,,,,,0,105.0,105.0,571.4285714285714,"(3.910260993246169, 0.7698336750110771)",4.116058681266647,mediumseagreen
2023-06-28 15:03:03,,,105.0,,,,,,,,,,,,,,,,,,,,,,,,,,,,,,,,,,,,,,0,105.0,105.0,571.4285714285714,"(3.910260993246169, 0.7698336750110771)",4.116058681266647,mediumseagreen
2023-06-28 15:03:04,,,105.0,,,,,,,,,,,,,,,,,,,,,,,,,,,,,,,,,,,,,,0,105.0,105.0,571.4285714285714,"(3.910260993246169, 0.7698336750110771)",4.116058681266647,mediumseagreen
2023-06-28 15:03:05,,,105.0,,,,,,,,,,,,,,,,,,,,,,,,,,,,,,,,,,,,,,0,105.0,105.0,571.4285714285714,"(3.910260993246169, 0.7698336750110771)",4.116058681266647,mediumseagreen
2023-06-28 15:03:06,,,105.0,,,,,,,,,,,,,,,,,,,,,,,,,,,,,,,,,,,,,,0,105.0,105.0,571.4285714285714,"(3.910260993246169, 0.7698336750110771)",4.116058681266647,mediumseagreen
2023-06-28 15:03:07,,,105.0,,,,,,,,,,,,,,,,,,,,,,,,,,,,,,,,,,,,,,0,105.0,105.0,571.4285714285714,"(3.910260993246169, 0.7698336750110771)",4.116058681266647,mediumseagreen
2023-06-28 15:03:08,,,105.0,,,,,,,,,,,,,,,,,,,,,,,,,,,,,,,,,,,,,,0,105.0,105.0,571.4285714285714,"(3.910260993246169, 0.7698336750110771)",4.116058681266647,mediumseagreen
2023-06-28 15:03:09,,,105.0,,,,,,,,,,,,,,,,,,,,,,,,,,,,,,,,,,,,,,0,105.0,105.0,571.4285714285714,"(3.910260993246169, 0.7698336750110771)",4.116058681266647,mediumseagreen
2023-06-28 15:03:10,,,105.0,,,,,,,,,,,,,,,,,,,,,,,,,,,,,,,,,,,,,,0,105.0,105.0,571.4285714285714,"(3.910260993246169, 0.7698336750110771)",4.116058681266647,mediumseagreen
2023-06-28 15:03:11,,,105.0,,,,,,,,,,,,,,,,,,,,,,,,,,,,,,,,,,,,,,0,105.0,105.0,571.4285714285714,"(3.910260993246169, 0.7698336750110771)",4.116058681266647,mediumseagreen
2023-06-28 15:03:12,,,106.0,,,,,,,,,,,,,,,,,,,,,,,,,,,,,,,,,,,,,,0,106.0,106.0,566.0377358490566,"(3.910260993246169, 0.7698336750110771)",4.116058681266647,mediumseagreen
2023-06-28 15:03:13,,,106.0,,,,,,,,,,,,,,,,,,,,,,,,,,,,,,,,,,,,,,0,106.0,106.0,566.0377358490566,"(3.910260993246169, 0.7698336750110771)",4.116058681266647,mediumseagreen
2023-06-28 15:03:14,,,106.0,,,,,,,,,,,,,,,,,,,,,,,,,,,,,,,,,,,,,,0,106.0,106.0,566.0377358490566,"(3.910260993246169, 0.7698336750110771)",4.116058681266647,mediumseagreen
2023-06-28 15:03:15,,,106.0,,,,,,,,,,,,,,,,,,,,,,,,,,,,,,,,,,,,,,0,106.0,106.0,566.0377358490566,"(3.910260993246169, 0.7698336750110771)",4.203665222557789,mediumseagreen
2023-06-28 15:03:16,,,106.0,,,,,,,,,,,,,,,,,,,,,,,,,,,,,,,,,,,,,,0,106.0,106.0,566.0377358490566,"(3.910260993246169, 0.7698336750110771)",4.203665222557789,mediumseagreen
2023-06-28 15:03:17,,,105.0,,,,,,,,,,,,,,,,,,,,,,,,,,,,,,,,,,,,,,0,105.0,105.0,571.4285714285714,"(3.910260993246169, 0.7698336750110771)",4.203665222557789,mediumseagreen
2023-06-28 15:03:18,,,105.0,,,,,,,,,,,,,,,,,,,,,,,,,,,,,,,,,,,,,,0,105.0,105.0,571.4285714285714,"(3.910260993246169, 0.7698336750110771)",4.203665222557789,mediumseagreen
2023-06-28 15:03:19,,,105.0,,,,,,,,,,,,,,,,,,,,,,,,,,,,,,,,,,,,,,0,105.0,105.0,571.4285714285714,"(3.910260993246169, 0.7698336750110771)",4.203665222557789,mediumseagreen
2023-06-28 15:03:20,,,105.0,,,,,,,,,,,,,,,,,,,,,,,,,,,,,,,,,,,,,,0,105.0,105.0,571.4285714285714,"(3.910260993246169, 0.7698336750110771)",4.203665222557789,mediumseagreen
2023-06-28 15:03:21,,,106.0,,,,,,,,,,,,,,,,,,,,,,,,,,,,,,,,,,,,,,0,106.0,106.0,566.0377358490566,"(3.910260993246169, 0.7698336750110771)",4.203665222557789,mediumseagreen
2023-06-28 15:03:22,,,106.0,,,,,,,,,,,,,,,,,,,,,,,,,,,,,,,,,,,,,,0,106.0,106.0,566.0377358490566,"(3.910260993246169, 0.7698336750110771)",4.203665222557789,mediumseagreen
2023-06-28 15:03:23,,,107.0,,,,,,,,,,,,,,,,,,,,,,,,,,,,,,,,,,,,,,0,107.0,107.0,560.7476635514018,"(3.910260993246169, 0.7698336750110771)",4.203665222557789,mediumseagreen
2023-06-28 15:03:24,,,109.0,,,,,,,,,,,,,,,,,,,,,,,,,,,,,,,,,,,,,,0,109.0,109.0,550.4587155963303,"(3.910260993246169, 0.7698336750110771)",4.203665222557789,mediumseagreen
2023-06-28 15:03:25,,,109.0,,,,,,,,,,,,,,,,,,,,,,,,,,,,,,,,,,,,,,0,109.0,109.0,550.4587155963303,"(3.910260993246169, 0.7698336750110771)",4.203665222557789,mediumseagreen
2023-06-28 15:03:26,,,109.0,,,,,,,,,,,,,,,,,,,,,,,,,,,,,,,,,,,,,,0,109.0,109.0,550.4587155963303,"(3.910260993246169, 0.7698336750110771)",4.203665222557789,mediumseagreen
2023-06-28 15:03:27,,,109.0,,,,,,,,,,,,,,,,,,,,,,,,,,,,,,,,,,,,,,0,109.0,109.0,550.4587155963303,"(3.910260993246169, 0.7698336750110771)",4.203665222557789,mediumseagreen
2023-06-28 15:03:28,,,109.0,,,,,,,,,,,,,,,,,,,,,,,,,,,,,,,,,,,,,,0,109.0,109.0,550.4587155963303,"(3.910260993246169, 0.7698336750110771)",4.203665222557789,mediumseagreen
2023-06-28 15:03:29,,,109.0,,,,,,,,,,,,,,,,,,,,,,,,,,,,,,,,,,,,,,0,109.0,109.0,550.4587155963303,"(3.910260993246169, 0.7698336750110771)",4.203665222557789,mediumseagreen
2023-06-28 15:03:30,,,109.0,,,,,,,,,,,,,,,,,,,,,,,,,,,,,,,,,,,,,,0,109.0,109.0,550.4587155963303,"(3.910260993246169, 0.7698336750110771)",4.203665222557789,mediumseagreen
2023-06-28 15:03:31,,,108.0,,,,,,,,,,,,,,,,,,,,,,,,,,,,,,,,,,,,,,0,108.0,108.0,555.5555555555555,"(3.910260993246169, 0.7698336750110771)",4.203665222557789,mediumseagreen
2023-06-28 15:03:32,,,106.0,,,,,,,,,,,,,,,,,,,,,,,,,,,,,,,,,,,,,,0,106.0,106.0,566.0377358490566,"(3.910260993246169, 0.7698336750110771)",4.203665222557789,mediumseagreen
2023-06-28 15:03:33,,,106.0,,,,,,,,,,,,,,,,,,,,,,,,,,,,,,,,,,,,,,0,106.0,106.0,566.0377358490566,"(3.910260993246169, 0.7698336750110771)",4.203665222557789,mediumseagreen
2023-06-28 15:03:34,,,105.0,,,,,,,,,,,,,,,,,,,,,,,,,,,,,,,,,,,,,,0,105.0,105.0,571.4285714285714,"(3.910260993246169, 0.7698336750110771)",4.203665222557789,mediumseagreen
2023-06-28 15:03:35,,,104.0,,,,,,,,,,,,,,,,,,,,,,,,,,,,,,,,,,,,,,0,104.0,104.0,576.9230769230769,"(3.910260993246169, 0.7698336750110771)",4.203665222557789,mediumseagreen
2023-06-28 15:03:36,,,103.0,,,,,,,,,,,,,,,,,,,,,,,,,,,,,,,,,,,,,,0,103.0,103.0,582.5242718446602,"(3.910260993246169, 0.7698336750110771)",4.203665222557789,mediumseagreen
2023-06-28 15:03:37,,,103.0,,,,,,,,,,,,,,,,,,,,,,,,,,,,,,,,,,,,,,0,103.0,103.0,582.5242718446602,"(3.910260993246169, 0.7698336750110771)",4.203665222557789,mediumseagreen
2023-06-28 15:03:38,,,103.0,,,,,,,,,,,,,,,,,,,,,,,,,,,,,,,,,,,,,,0,103.0,103.0,582.5242718446602,"(3.910260993246169, 0.7698336750110771)",4.203665222557789,mediumseagreen
2023-06-28 15:03:39,,,103.0,,,,,,,,,,,,,,,,,,,,,,,,,,,,,,,,,,,,,,0,103.0,103.0,582.5242718446602,"(3.910260993246169, 0.7698336750110771)",4.203665222557789,mediumseagreen
2023-06-28 15:03:40,,,102.0,,,,,,,,,,,,,,,,,,,,,,,,,,,,,,,,,,,,,,0,102.0,102.0,588.2352941176471,"(3.910260993246169, 0.7698336750110771)",4.203665222557789,mediumseagreen
2023-06-28 15:03:41,,,102.0,,,,,,,,,,,,,,,,,,,,,,,,,,,,,,,,,,,,,,0,102.0,102.0,588.2352941176471,"(3.910260993246169, 0.7698336750110771)",4.203665222557789,mediumseagreen
2023-06-28 15:03:42,,,102.0,,,,,,,,,,,,,,,,,,,,,,,,,,,,,,,,,,,,,,0,102.0,102.0,588.2352941176471,"(3.910260993246169, 0.7698336750110771)",4.203665222557789,mediumseagreen
2023-06-28 15:03:43,,,102.0,,,,,,,,,,,,,,,,,,,,,,,,,,,,,,,,,,,,,,0,102.0,102.0,588.2352941176471,"(3.910260993246169, 0.7698336750110771)",4.203665222557789,mediumseagreen
2023-06-28 15:03:44,,,102.0,,,,,,,,,,,,,,,,,,,,,,,,,,,,,,,,,,,,,,0,102.0,102.0,588.2352941176471,"(3.910260993246169, 0.7698336750110771)",4.203665222557789,mediumseagreen
2023-06-28 15:03:45,,,102.0,,,,,,,,,,,,,,,,,,,,,,,,,,,,,,,,,,,,,,0,102.0,102.0,588.2352941176471,"(3.910260993246169, 0.7698336750110771)",5.1044538306293985,steelblue
2023-06-28 15:03:46,,,101.0,,,,,,,,,,,,,,,,,,,,,,,,,,,,,,,,,,,,,,0,101.0,101.0,594.059405940594,"(3.910260993246169, 0.7698336750110771)",5.1044538306293985,steelblue
2023-06-28 15:03:47,,,100.0,,,,,,,,,,,,,,,,,,,,,,,,,,,,,,,,,,,,,,0,100.0,100.0,600.0,"(3.910260993246169, 0.7698336750110771)",5.1044538306293985,steelblue
2023-06-28 15:03:48,,,99.0,,,,,,,,,,,,,,,,,,,,,,,,,,,,,,,,,,,,,,0,99.0,99.0,606.060606060606,"(3.910260993246169, 0.7698336750110771)",5.1044538306293985,steelblue
2023-06-28 15:03:49,,,98.0,,,,,,,,,,,,,,,,,,,,,,,,,,,,,,,,,,,,,,0,98.0,98.0,612.2448979591836,"(3.910260993246169, 0.7698336750110771)",5.1044538306293985,steelblue
2023-06-28 15:03:50,,,97.0,,,,,,,,,,,,,,,,,,,,,,,,,,,,,,,,,,,,,,0,97.0,97.0,618.5567010309278,"(3.910260993246169, 0.7698336750110771)",5.1044538306293985,steelblue
2023-06-28 15:03:51,,,96.0,,,,,,,,,,,,,,,,,,,,,,,,,,,,,,,,,,,,,,0,96.0,96.0,625.0,"(3.910260993246169, 0.7698336750110771)",5.1044538306293985,steelblue
2023-06-28 15:03:52,,,96.0,,,,,,,,,,,,,,,,,,,,,,,,,,,,,,,,,,,,,,0,96.0,96.0,625.0,"(3.910260993246169, 0.7698336750110771)",5.1044538306293985,steelblue
2023-06-28 15:03:53,,,95.0,,,,,,,,,,,,,,,,,,,,,,,,,,,,,,,,,,,,,,0,95.0,95.0,631.578947368421,"(3.910260993246169, 0.7698336750110771)",5.1044538306293985,steelblue
2023-06-28 15:03:54,,,95.0,,,,,,,,,,,,,,,,,,,,,,,,,,,,,,,,,,,,,,0,95.0,95.0,631.578947368421,"(3.910260993246169, 0.7698336750110771)",5.1044538306293985,steelblue
2023-06-28 15:03:55,,,94.0,,,,,,,,,,,,,,,,,,,,,,,,,,,,,,,,,,,,,,0,94.0,94.0,638.2978723404256,"(3.910260993246169, 0.7698336750110771)",5.1044538306293985,steelblue
2023-06-28 15:03:56,,,94.0,,,,,,,,,,,,,,,,,,,,,,,,,,,,,,,,,,,,,,0,94.0,94.0,638.2978723404256,"(3.910260993246169, 0.7698336750110771)",5.1044538306293985,steelblue
2023-06-28 15:03:57,,,93.0,,,,,,,,,,,,,,,,,,,,,,,,,,,,,,,,,,,,,,0,93.0,93.0,645.1612903225806,"(3.910260993246169, 0.7698336750110771)",5.1044538306293985,steelblue
2023-06-28 15:03:58,,,94.0,,,,,,,,,,,,,,,,,,,,,,,,,,,,,,,,,,,,,,0,94.0,94.0,638.2978723404256,"(3.910260993246169, 0.7698336750110771)",5.1044538306293985,steelblue
2023-06-28 15:03:59,,,94.0,,,,,,,,,,,,,,,,,,,,,,,,,,,,,,,,,,,,,,0,94.0,94.0,638.2978723404256,"(3.910260993246169, 0.7698336750110771)",5.1044538306293985,steelblue
2023-06-28 15:04:00,,,94.0,,,,,,,,,,,,,,,,,,,,,,,,,,,,,,,,,,,,,,0,94.0,94.0,638.2978723404256,"(3.910260993246169, 0.7698336750110771)",5.1044538306293985,steelblue
2023-06-28 15:04:01,,,95.0,,,,,,,,,,,,,,,,,,,,,,,,,,,,,,,,,,,,,,0,95.0,95.0,631.578947368421,"(3.910260993246169, 0.7698336750110771)",5.1044538306293985,steelblue
2023-06-28 15:04:02,,,96.0,,,,,,,,,,,,,,,,,,,,,,,,,,,,,,,,,,,,,,0,96.0,96.0,625.0,"(3.910260993246169, 0.7698336750110771)",5.1044538306293985,steelblue
2023-06-28 15:04:03,,,97.0,,,,,,,,,,,,,,,,,,,,,,,,,,,,,,,,,,,,,,0,97.0,97.0,618.5567010309278,"(3.910260993246169, 0.7698336750110771)",5.1044538306293985,steelblue
2023-06-28 15:04:04,,,98.0,,,,,,,,,,,,,,,,,,,,,,,,,,,,,,,,,,,,,,0,98.0,98.0,612.2448979591836,"(3.910260993246169, 0.7698336750110771)",5.1044538306293985,steelblue
2023-06-28 15:04:05,,,99.0,,,,,,,,,,,,,,,,,,,,,,,,,,,,,,,,,,,,,,0,99.0,99.0,606.060606060606,"(3.910260993246169, 0.7698336750110771)",5.1044538306293985,steelblue
2023-06-28 15:04:06,,,102.0,,,,,,,,,,,,,,,,,,,,,,,,,,,,,,,,,,,,,,0,102.0,102.0,588.2352941176471,"(3.910260993246169, 0.7698336750110771)",5.1044538306293985,steelblue
2023-06-28 15:04:07,,,103.0,,,,,,,,,,,,,,,,,,,,,,,,,,,,,,,,,,,,,,0,103.0,103.0,582.5242718446602,"(3.910260993246169, 0.7698336750110771)",5.1044538306293985,steelblue
2023-06-28 15:04:08,,,103.0,,,,,,,,,,,,,,,,,,,,,,,,,,,,,,,,,,,,,,0,103.0,103.0,582.5242718446602,"(3.910260993246169, 0.7698336750110771)",5.1044538306293985,steelblue
2023-06-28 15:04:09,,,104.0,,,,,,,,,,,,,,,,,,,,,,,,,,,,,,,,,,,,,,0,104.0,104.0,576.9230769230769,"(3.910260993246169, 0.7698336750110771)",5.1044538306293985,steelblue
2023-06-28 15:04:10,,,105.0,,,,,,,,,,,,,,,,,,,,,,,,,,,,,,,,,,,,,,0,105.0,105.0,571.4285714285714,"(3.910260993246169, 0.7698336750110771)",5.1044538306293985,steelblue
2023-06-28 15:04:11,,,105.0,,,,,,,,,,,,,,,,,,,,,,,,,,,,,,,,,,,,,,0,105.0,105.0,571.4285714285714,"(3.910260993246169, 0.7698336750110771)",5.1044538306293985,steelblue
2023-06-28 15:04:12,,,104.0,,,,,,,,,,,,,,,,,,,,,,,,,,,,,,,,,,,,,,0,104.0,104.0,576.9230769230769,"(3.910260993246169, 0.7698336750110771)",5.1044538306293985,steelblue
2023-06-28 15:04:13,,,104.0,,,,,,,,,,,,,,,,,,,,,,,,,,,,,,,,,,,,,,0,104.0,104.0,576.9230769230769,"(3.910260993246169, 0.7698336750110771)",5.1044538306293985,steelblue
2023-06-28 15:04:14,,,105.0,,,,,,,,,,,,,,,,,,,,,,,,,,,,,,,,,,,,,,0,105.0,105.0,571.4285714285714,"(3.910260993246169, 0.7698336750110771)",5.1044538306293985,steelblue
2023-06-28 15:04:15,,,104.0,,,,,,,,,,,,,,,,,,,,,,,,,,,,,,,,,,,,,,0,104.0,104.0,576.9230769230769,"(3.910260993246169, 0.7698336750110771)",4.381419677816174,mediumseagreen
2023-06-28 15:04:16,,,104.0,,,,,,,,,,,,,,,,,,,,,,,,,,,,,,,,,,,,,,0,104.0,104.0,576.9230769230769,"(3.910260993246169, 0.7698336750110771)",4.381419677816174,mediumseagreen
2023-06-28 15:04:17,,,104.0,,,,,,,,,,,,,,,,,,,,,,,,,,,,,,,,,,,,,,0,104.0,104.0,576.9230769230769,"(3.910260993246169, 0.7698336750110771)",4.381419677816174,mediumseagreen
2023-06-28 15:04:18,,,104.0,,,,,,,,,,,,,,,,,,,,,,,,,,,,,,,,,,,,,,0,104.0,104.0,576.9230769230769,"(3.910260993246169, 0.7698336750110771)",4.381419677816174,mediumseagreen
2023-06-28 15:04:19,,,103.0,,,,,,,,,,,,,,,,,,,,,,,,,,,,,,,,,,,,,,0,103.0,103.0,582.5242718446602,"(3.910260993246169, 0.7698336750110771)",4.381419677816174,mediumseagreen
2023-06-28 15:04:20,,,103.0,,,,,,,,,,,,,,,,,,,,,,,,,,,,,,,,,,,,,,0,103.0,103.0,582.5242718446602,"(3.910260993246169, 0.7698336750110771)",4.381419677816174,mediumseagreen
2023-06-28 15:04:21,,,102.0,,,,,,,,,,,,,,,,,,,,,,,,,,,,,,,,,,,,,,0,102.0,102.0,588.2352941176471,"(3.910260993246169, 0.7698336750110771)",4.381419677816174,mediumseagreen
2023-06-28 15:04:22,,,101.0,,,,,,,,,,,,,,,,,,,,,,,,,,,,,,,,,,,,,,0,101.0,101.0,594.059405940594,"(3.910260993246169, 0.7698336750110771)",4.381419677816174,mediumseagreen
2023-06-28 15:04:23,,,101.0,,,,,,,,,,,,,,,,,,,,,,,,,,,,,,,,,,,,,,0,101.0,101.0,594.059405940594,"(3.910260993246169, 0.7698336750110771)",4.381419677816174,mediumseagreen
2023-06-28 15:04:24,,,100.0,,,,,,,,,,,,,,,,,,,,,,,,,,,,,,,,,,,,,,0,100.0,100.0,600.0,"(3.910260993246169, 0.7698336750110771)",4.381419677816174,mediumseagreen
2023-06-28 15:04:25,,,101.0,,,,,,,,,,,,,,,,,,,,,,,,,,,,,,,,,,,,,,0,101.0,101.0,594.059405940594,"(3.910260993246169, 0.7698336750110771)",4.381419677816174,mediumseagreen
2023-06-28 15:04:26,,,101.0,,,,,,,,,,,,,,,,,,,,,,,,,,,,,,,,,,,,,,0,101.0,101.0,594.059405940594,"(3.910260993246169, 0.7698336750110771)",4.381419677816174,mediumseagreen
2023-06-28 15:04:27,,,102.0,,,,,,,,,,,,,,,,,,,,,,,,,,,,,,,,,,,,,,0,102.0,102.0,588.2352941176471,"(3.910260993246169, 0.7698336750110771)",4.381419677816174,mediumseagreen
2023-06-28 15:04:28,,,103.0,,,,,,,,,,,,,,,,,,,,,,,,,,,,,,,,,,,,,,0,103.0,103.0,582.5242718446602,"(3.910260993246169, 0.7698336750110771)",4.381419677816174,mediumseagreen
2023-06-28 15:04:29,,,104.0,,,,,,,,,,,,,,,,,,,,,,,,,,,,,,,,,,,,,,0,104.0,104.0,576.9230769230769,"(3.910260993246169, 0.7698336750110771)",4.381419677816174,mediumseagreen
2023-06-28 15:04:30,,,105.0,,,,,,,,,,,,,,,,,,,,,,,,,,,,,,,,,,,,,,0,105.0,105.0,571.4285714285714,"(3.910260993246169, 0.7698336750110771)",4.381419677816174,mediumseagreen
2023-06-28 15:04:31,,,105.0,,,,,,,,,,,,,,,,,,,,,,,,,,,,,,,,,,,,,,0,105.0,105.0,571.4285714285714,"(3.910260993246169, 0.7698336750110771)",4.381419677816174,mediumseagreen
2023-06-28 15:04:32,,,106.0,,,,,,,,,,,,,,,,,,,,,,,,,,,,,,,,,,,,,,0,106.0,106.0,566.0377358490566,"(3.910260993246169, 0.7698336750110771)",4.381419677816174,mediumseagreen
2023-06-28 15:04:33,,,106.0,,,,,,,,,,,,,,,,,,,,,,,,,,,,,,,,,,,,,,0,106.0,106.0,566.0377358490566,"(3.910260993246169, 0.7698336750110771)",4.381419677816174,mediumseagreen
2023-06-28 15:04:34,,,106.0,,,,,,,,,,,,,,,,,,,,,,,,,,,,,,,,,,,,,,0,106.0,106.0,566.0377358490566,"(3.910260993246169, 0.7698336750110771)",4.381419677816174,mediumseagreen
2023-06-28 15:04:35,,,105.0,,,,,,,,,,,,,,,,,,,,,,,,,,,,,,,,,,,,,,0,105.0,105.0,571.4285714285714,"(3.910260993246169, 0.7698336750110771)",4.381419677816174,mediumseagreen
2023-06-28 15:04:36,,,105.0,,,,,,,,,,,,,,,,,,,,,,,,,,,,,,,,,,,,,,0,105.0,105.0,571.4285714285714,"(3.910260993246169, 0.7698336750110771)",4.381419677816174,mediumseagreen
2023-06-28 15:04:37,,,104.0,,,,,,,,,,,,,,,,,,,,,,,,,,,,,,,,,,,,,,0,104.0,104.0,576.9230769230769,"(3.910260993246169, 0.7698336750110771)",4.381419677816174,mediumseagreen
2023-06-28 15:04:38,,,104.0,,,,,,,,,,,,,,,,,,,,,,,,,,,,,,,,,,,,,,0,104.0,104.0,576.9230769230769,"(3.910260993246169, 0.7698336750110771)",4.381419677816174,mediumseagreen
2023-06-28 15:04:39,,,103.0,,,,,,,,,,,,,,,,,,,,,,,,,,,,,,,,,,,,,,0,103.0,103.0,582.5242718446602,"(3.910260993246169, 0.7698336750110771)",4.381419677816174,mediumseagreen
2023-06-28 15:04:40,,,103.0,,,,,,,,,,,,,,,,,,,,,,,,,,,,,,,,,,,,,,0,103.0,103.0,582.5242718446602,"(3.910260993246169, 0.7698336750110771)",4.381419677816174,mediumseagreen
2023-06-28 15:04:41,,,103.0,,,,,,,,,,,,,,,,,,,,,,,,,,,,,,,,,,,,,,0,103.0,103.0,582.5242718446602,"(3.910260993246169, 0.7698336750110771)",4.381419677816174,mediumseagreen
2023-06-28 15:04:42,,,103.0,,,,,,,,,,,,,,,,,,,,,,,,,,,,,,,,,,,,,,0,103.0,103.0,582.5242718446602,"(3.910260993246169, 0.7698336750110771)",4.381419677816174,mediumseagreen
2023-06-28 15:04:43,,,103.0,,,,,,,,,,,,,,,,,,,,,,,,,,,,,,,,,,,,,,0,103.0,103.0,582.5242718446602,"(3.910260993246169, 0.7698336750110771)",4.381419677816174,mediumseagreen
2023-06-28 15:04:44,,,103.0,,,,,,,,,,,,,,,,,,,,,,,,,,,,,,,,,,,,,,0,103.0,103.0,582.5242718446602,"(3.910260993246169, 0.7698336750110771)",4.381419677816174,mediumseagreen
2023-06-28 15:04:45,,,104.0,,,,,,,,,,,,,,,,,,,,,,,,,,,,,,,,,,,,,,0,104.0,104.0,576.9230769230769,"(3.910260993246169, 0.7698336750110771)",3.9663514034606497,mediumseagreen
2023-06-28 15:04:46,,,104.0,,,,,,,,,,,,,,,,,,,,,,,,,,,,,,,,,,,,,,0,104.0,104.0,576.9230769230769,"(3.910260993246169, 0.7698336750110771)",3.9663514034606497,mediumseagreen
2023-06-28 15:04:47,,,104.0,,,,,,,,,,,,,,,,,,,,,,,,,,,,,,,,,,,,,,0,104.0,104.0,576.9230769230769,"(3.910260993246169, 0.7698336750110771)",3.9663514034606497,mediumseagreen
2023-06-28 15:04:48,,,104.0,,,,,,,,,,,,,,,,,,,,,,,,,,,,,,,,,,,,,,0,104.0,104.0,576.9230769230769,"(3.910260993246169, 0.7698336750110771)",3.9663514034606497,mediumseagreen
2023-06-28 15:04:49,,,104.0,,,,,,,,,,,,,,,,,,,,,,,,,,,,,,,,,,,,,,0,104.0,104.0,576.9230769230769,"(3.910260993246169, 0.7698336750110771)",3.9663514034606497,mediumseagreen
2023-06-28 15:04:50,,,104.0,,,,,,,,,,,,,,,,,,,,,,,,,,,,,,,,,,,,,,0,104.0,104.0,576.9230769230769,"(3.910260993246169, 0.7698336750110771)",3.9663514034606497,mediumseagreen
2023-06-28 15:04:51,,,103.0,,,,,,,,,,,,,,,,,,,,,,,,,,,,,,,,,,,,,,0,103.0,103.0,582.5242718446602,"(3.910260993246169, 0.7698336750110771)",3.9663514034606497,mediumseagreen
2023-06-28 15:04:52,,,103.0,,,,,,,,,,,,,,,,,,,,,,,,,,,,,,,,,,,,,,0,103.0,103.0,582.5242718446602,"(3.910260993246169, 0.7698336750110771)",3.9663514034606497,mediumseagreen
2023-06-28 15:04:53,,,103.0,,,,,,,,,,,,,,,,,,,,,,,,,,,,,,,,,,,,,,0,103.0,103.0,582.5242718446602,"(3.910260993246169, 0.7698336750110771)",3.9663514034606497,mediumseagreen
2023-06-28 15:04:54,,,103.0,,,,,,,,,,,,,,,,,,,,,,,,,,,,,,,,,,,,,,0,103.0,103.0,582.5242718446602,"(3.910260993246169, 0.7698336750110771)",3.9663514034606497,mediumseagreen
2023-06-28 15:04:55,,,103.0,,,,,,,,,,,,,,,,,,,,,,,,,,,,,,,,,,,,,,0,103.0,103.0,582.5242718446602,"(3.910260993246169, 0.7698336750110771)",3.9663514034606497,mediumseagreen
2023-06-28 15:04:56,,,104.0,,,,,,,,,,,,,,,,,,,,,,,,,,,,,,,,,,,,,,0,104.0,104.0,576.9230769230769,"(3.910260993246169, 0.7698336750110771)",3.9663514034606497,mediumseagreen
2023-06-28 15:04:57,,,105.0,,,,,,,,,,,,,,,,,,,,,,,,,,,,,,,,,,,,,,0,105.0,105.0,571.4285714285714,"(3.910260993246169, 0.7698336750110771)",3.9663514034606497,mediumseagreen
2023-06-28 15:04:58,,,106.0,,,,,,,,,,,,,,,,,,,,,,,,,,,,,,,,,,,,,,0,106.0,106.0,566.0377358490566,"(3.910260993246169, 0.7698336750110771)",3.9663514034606497,mediumseagreen
2023-06-28 15:04:59,,,107.0,,,,,,,,,,,,,,,,,,,,,,,,,,,,,,,,,,,,,,0,107.0,107.0,560.7476635514018,"(3.910260993246169, 0.7698336750110771)",3.9663514034606497,mediumseagreen
2023-06-28 15:05:00,,,107.0,,,,,,,,,,,,,,,,,,,,,,,,,,,,,,,,,,,,,,0,107.0,107.0,560.7476635514018,"(3.910260993246169, 0.7698336750110771)",3.9663514034606497,mediumseagreen
2023-06-28 15:05:01,,,108.0,,,,,,,,,,,,,,,,,,,,,,,,,,,,,,,,,,,,,,0,108.0,108.0,555.5555555555555,"(3.910260993246169, 0.7698336750110771)",3.9663514034606497,mediumseagreen
2023-06-28 15:05:02,,,109.0,,,,,,,,,,,,,,,,,,,,,,,,,,,,,,,,,,,,,,0,109.0,109.0,550.4587155963303,"(3.910260993246169, 0.7698336750110771)",3.9663514034606497,mediumseagreen
2023-06-28 15:05:03,,,110.0,,,,,,,,,,,,,,,,,,,,,,,,,,,,,,,,,,,,,,0,110.0,110.0,545.4545454545455,"(3.910260993246169, 0.7698336750110771)",3.9663514034606497,mediumseagreen
2023-06-28 15:05:04,,,110.0,,,,,,,,,,,,,,,,,,,,,,,,,,,,,,,,,,,,,,0,110.0,110.0,545.4545454545455,"(3.910260993246169, 0.7698336750110771)",3.9663514034606497,mediumseagreen
2023-06-28 15:05:05,,,110.0,,,,,,,,,,,,,,,,,,,,,,,,,,,,,,,,,,,,,,0,110.0,110.0,545.4545454545455,"(3.910260993246169, 0.7698336750110771)",3.9663514034606497,mediumseagreen
2023-06-28 15:05:06,,,111.0,,,,,,,,,,,,,,,,,,,,,,,,,,,,,,,,,,,,,,0,111.0,111.0,540.5405405405405,"(3.910260993246169, 0.7698336750110771)",3.9663514034606497,mediumseagreen
2023-06-28 15:05:07,,,111.0,,,,,,,,,,,,,,,,,,,,,,,,,,,,,,,,,,,,,,0,111.0,111.0,540.5405405405405,"(3.910260993246169, 0.7698336750110771)",3.9663514034606497,mediumseagreen
2023-06-28 15:05:08,,,111.0,,,,,,,,,,,,,,,,,,,,,,,,,,,,,,,,,,,,,,0,111.0,111.0,540.5405405405405,"(3.910260993246169, 0.7698336750110771)",3.9663514034606497,mediumseagreen
2023-06-28 15:05:09,,,112.0,,,,,,,,,,,,,,,,,,,,,,,,,,,,,,,,,,,,,,0,112.0,112.0,535.7142857142857,"(3.910260993246169, 0.7698336750110771)",3.9663514034606497,mediumseagreen
2023-06-28 15:05:10,,,113.0,,,,,,,,,,,,,,,,,,,,,,,,,,,,,,,,,,,,,,0,113.0,113.0,530.9734513274336,"(3.910260993246169, 0.7698336750110771)",3.9663514034606497,mediumseagreen
2023-06-28 15:05:11,,,113.0,,,,,,,,,,,,,,,,,,,,,,,,,,,,,,,,,,,,,,0,113.0,113.0,530.9734513274336,"(3.910260993246169, 0.7698336750110771)",3.9663514034606497,mediumseagreen
2023-06-28 15:05:12,,,113.0,,,,,,,,,,,,,,,,,,,,,,,,,,,,,,,,,,,,,,0,113.0,113.0,530.9734513274336,"(3.910260993246169, 0.7698336750110771)",3.9663514034606497,mediumseagreen
2023-06-28 15:05:13,,,112.0,,,,,,,,,,,,,,,,,,,,,,,,,,,,,,,,,,,,,,0,112.0,112.0,535.7142857142857,"(3.910260993246169, 0.7698336750110771)",3.9663514034606497,mediumseagreen
2023-06-28 15:05:14,,,111.0,,,,,,,,,,,,,,,,,,,,,,,,,,,,,,,,,,,,,,0,111.0,111.0,540.5405405405405,"(3.910260993246169, 0.7698336750110771)",3.9663514034606497,mediumseagreen
2023-06-28 15:05:15,,,111.0,,,,,,,,,,,,,,,,,,,,,,,,,,,,,,,,,,,,,,0,111.0,111.0,540.5405405405405,"(3.910260993246169, 0.7698336750110771)",4.306852991986609,mediumseagreen
2023-06-28 15:05:16,,,111.0,,,,,,,,,,,,,,,,,,,,,,,,,,,,,,,,,,,,,,0,111.0,111.0,540.5405405405405,"(3.910260993246169, 0.7698336750110771)",4.306852991986609,mediumseagreen
2023-06-28 15:05:17,,,110.0,,,,,,,,,,,,,,,,,,,,,,,,,,,,,,,,,,,,,,0,110.0,110.0,545.4545454545455,"(3.910260993246169, 0.7698336750110771)",4.306852991986609,mediumseagreen
2023-06-28 15:05:18,,,109.0,,,,,,,,,,,,,,,,,,,,,,,,,,,,,,,,,,,,,,0,109.0,109.0,550.4587155963303,"(3.910260993246169, 0.7698336750110771)",4.306852991986609,mediumseagreen
2023-06-28 15:05:19,,,109.0,,,,,,,,,,,,,,,,,,,,,,,,,,,,,,,,,,,,,,0,109.0,109.0,550.4587155963303,"(3.910260993246169, 0.7698336750110771)",4.306852991986609,mediumseagreen
2023-06-28 15:05:20,,,109.0,,,,,,,,,,,,,,,,,,,,,,,,,,,,,,,,,,,,,,0,109.0,109.0,550.4587155963303,"(3.910260993246169, 0.7698336750110771)",4.306852991986609,mediumseagreen
2023-06-28 15:05:21,,,109.0,,,,,,,,,,,,,,,,,,,,,,,,,,,,,,,,,,,,,,0,109.0,109.0,550.4587155963303,"(3.910260993246169, 0.7698336750110771)",4.306852991986609,mediumseagreen
2023-06-28 15:05:22,,,110.0,,,,,,,,,,,,,,,,,,,,,,,,,,,,,,,,,,,,,,0,110.0,110.0,545.4545454545455,"(3.910260993246169, 0.7698336750110771)",4.306852991986609,mediumseagreen
2023-06-28 15:05:23,,,111.0,,,,,,,,,,,,,,,,,,,,,,,,,,,,,,,,,,,,,,0,111.0,111.0,540.5405405405405,"(3.910260993246169, 0.7698336750110771)",4.306852991986609,mediumseagreen
2023-06-28 15:05:24,,,111.0,,,,,,,,,,,,,,,,,,,,,,,,,,,,,,,,,,,,,,0,111.0,111.0,540.5405405405405,"(3.910260993246169, 0.7698336750110771)",4.306852991986609,mediumseagreen
2023-06-28 15:05:25,,,112.0,,,,,,,,,,,,,,,,,,,,,,,,,,,,,,,,,,,,,,0,112.0,112.0,535.7142857142857,"(3.910260993246169, 0.7698336750110771)",4.306852991986609,mediumseagreen
2023-06-28 15:05:26,,,112.0,,,,,,,,,,,,,,,,,,,,,,,,,,,,,,,,,,,,,,0,112.0,112.0,535.7142857142857,"(3.910260993246169, 0.7698336750110771)",4.306852991986609,mediumseagreen
2023-06-28 15:05:27,,,113.0,,,,,,,,,,,,,,,,,,,,,,,,,,,,,,,,,,,,,,0,113.0,113.0,530.9734513274336,"(3.910260993246169, 0.7698336750110771)",4.306852991986609,mediumseagreen
2023-06-28 15:05:28,,,113.0,,,,,,,,,,,,,,,,,,,,,,,,,,,,,,,,,,,,,,0,113.0,113.0,530.9734513274336,"(3.910260993246169, 0.7698336750110771)",4.306852991986609,mediumseagreen
2023-06-28 15:05:29,,,114.0,,,,,,,,,,,,,,,,,,,,,,,,,,,,,,,,,,,,,,0,114.0,114.0,526.3157894736842,"(3.910260993246169, 0.7698336750110771)",4.306852991986609,mediumseagreen
2023-06-28 15:05:30,,,115.0,,,,,,,,,,,,,,,,,,,,,,,,,,,,,,,,,,,,,,0,115.0,115.0,521.7391304347826,"(3.910260993246169, 0.7698336750110771)",4.306852991986609,mediumseagreen
2023-06-28 15:05:31,,,115.0,,,,,,,,,,,,,,,,,,,,,,,,,,,,,,,,,,,,,,0,115.0,115.0,521.7391304347826,"(3.910260993246169, 0.7698336750110771)",4.306852991986609,mediumseagreen
2023-06-28 15:05:32,,,115.0,,,,,,,,,,,,,,,,,,,,,,,,,,,,,,,,,,,,,,0,115.0,115.0,521.7391304347826,"(3.910260993246169, 0.7698336750110771)",4.306852991986609,mediumseagreen
2023-06-28 15:05:33,,,115.0,,,,,,,,,,,,,,,,,,,,,,,,,,,,,,,,,,,,,,0,115.0,115.0,521.7391304347826,"(3.910260993246169, 0.7698336750110771)",4.306852991986609,mediumseagreen
2023-06-28 15:05:34,,,116.0,,,,,,,,,,,,,,,,,,,,,,,,,,,,,,,,,,,,,,0,116.0,116.0,517.2413793103449,"(3.910260993246169, 0.7698336750110771)",4.306852991986609,mediumseagreen
2023-06-28 15:05:35,,,115.0,,,,,,,,,,,,,,,,,,,,,,,,,,,,,,,,,,,,,,0,115.0,115.0,521.7391304347826,"(3.910260993246169, 0.7698336750110771)",4.306852991986609,mediumseagreen
2023-06-28 15:05:36,,,114.0,,,,,,,,,,,,,,,,,,,,,,,,,,,,,,,,,,,,,,0,114.0,114.0,526.3157894736842,"(3.910260993246169, 0.7698336750110771)",4.306852991986609,mediumseagreen
2023-06-28 15:05:37,,,113.0,,,,,,,,,,,,,,,,,,,,,,,,,,,,,,,,,,,,,,0,113.0,113.0,530.9734513274336,"(3.910260993246169, 0.7698336750110771)",4.306852991986609,mediumseagreen
2023-06-28 15:05:38,,,112.0,,,,,,,,,,,,,,,,,,,,,,,,,,,,,,,,,,,,,,0,112.0,112.0,535.7142857142857,"(3.910260993246169, 0.7698336750110771)",4.306852991986609,mediumseagreen
2023-06-28 15:05:39,,,111.0,,,,,,,,,,,,,,,,,,,,,,,,,,,,,,,,,,,,,,0,111.0,111.0,540.5405405405405,"(3.910260993246169, 0.7698336750110771)",4.306852991986609,mediumseagreen
2023-06-28 15:05:40,,,111.0,,,,,,,,,,,,,,,,,,,,,,,,,,,,,,,,,,,,,,0,111.0,111.0,540.5405405405405,"(3.910260993246169, 0.7698336750110771)",4.306852991986609,mediumseagreen
2023-06-28 15:05:41,,,110.0,,,,,,,,,,,,,,,,,,,,,,,,,,,,,,,,,,,,,,0,110.0,110.0,545.4545454545455,"(3.910260993246169, 0.7698336750110771)",4.306852991986609,mediumseagreen
2023-06-28 15:05:42,,,109.0,,,,,,,,,,,,,,,,,,,,,,,,,,,,,,,,,,,,,,0,109.0,109.0,550.4587155963303,"(3.910260993246169, 0.7698336750110771)",4.306852991986609,mediumseagreen
2023-06-28 15:05:43,,,107.0,,,,,,,,,,,,,,,,,,,,,,,,,,,,,,,,,,,,,,0,107.0,107.0,560.7476635514018,"(3.910260993246169, 0.7698336750110771)",4.306852991986609,mediumseagreen
2023-06-28 15:05:44,,,104.0,,,,,,,,,,,,,,,,,,,,,,,,,,,,,,,,,,,,,,0,104.0,104.0,576.9230769230769,"(3.910260993246169, 0.7698336750110771)",4.306852991986609,mediumseagreen
2023-06-28 15:05:45,,,103.0,,,,,,,,,,,,,,,,,,,,,,,,,,,,,,,,,,,,,,0,103.0,103.0,582.5242718446602,"(3.910260993246169, 0.7698336750110771)",4.094226025065881,mediumseagreen
2023-06-28 15:05:46,,,103.0,,,,,,,,,,,,,,,,,,,,,,,,,,,,,,,,,,,,,,0,103.0,103.0,582.5242718446602,"(3.910260993246169, 0.7698336750110771)",4.094226025065881,mediumseagreen
2023-06-28 15:05:47,,,102.0,,,,,,,,,,,,,,,,,,,,,,,,,,,,,,,,,,,,,,0,102.0,102.0,588.2352941176471,"(3.910260993246169, 0.7698336750110771)",4.094226025065881,mediumseagreen
2023-06-28 15:05:48,,,101.0,,,,,,,,,,,,,,,,,,,,,,,,,,,,,,,,,,,,,,0,101.0,101.0,594.059405940594,"(3.910260993246169, 0.7698336750110771)",4.094226025065881,mediumseagreen
2023-06-28 15:05:49,,,101.0,,,,,,,,,,,,,,,,,,,,,,,,,,,,,,,,,,,,,,0,101.0,101.0,594.059405940594,"(3.910260993246169, 0.7698336750110771)",4.094226025065881,mediumseagreen
2023-06-28 15:05:50,,,100.0,,,,,,,,,,,,,,,,,,,,,,,,,,,,,,,,,,,,,,0,100.0,100.0,600.0,"(3.910260993246169, 0.7698336750110771)",4.094226025065881,mediumseagreen
2023-06-28 15:05:51,,,101.0,,,,,,,,,,,,,,,,,,,,,,,,,,,,,,,,,,,,,,0,101.0,101.0,594.059405940594,"(3.910260993246169, 0.7698336750110771)",4.094226025065881,mediumseagreen
2023-06-28 15:05:52,,,102.0,,,,,,,,,,,,,,,,,,,,,,,,,,,,,,,,,,,,,,0,102.0,102.0,588.2352941176471,"(3.910260993246169, 0.7698336750110771)",4.094226025065881,mediumseagreen
2023-06-28 15:05:53,,,102.0,,,,,,,,,,,,,,,,,,,,,,,,,,,,,,,,,,,,,,0,102.0,102.0,588.2352941176471,"(3.910260993246169, 0.7698336750110771)",4.094226025065881,mediumseagreen
2023-06-28 15:05:54,,,102.0,,,,,,,,,,,,,,,,,,,,,,,,,,,,,,,,,,,,,,0,102.0,102.0,588.2352941176471,"(3.910260993246169, 0.7698336750110771)",4.094226025065881,mediumseagreen
2023-06-28 15:05:55,,,102.0,,,,,,,,,,,,,,,,,,,,,,,,,,,,,,,,,,,,,,0,102.0,102.0,588.2352941176471,"(3.910260993246169, 0.7698336750110771)",4.094226025065881,mediumseagreen
2023-06-28 15:05:56,,,103.0,,,,,,,,,,,,,,,,,,,,,,,,,,,,,,,,,,,,,,0,103.0,103.0,582.5242718446602,"(3.910260993246169, 0.7698336750110771)",4.094226025065881,mediumseagreen
2023-06-28 15:05:57,,,103.0,,,,,,,,,,,,,,,,,,,,,,,,,,,,,,,,,,,,,,0,103.0,103.0,582.5242718446602,"(3.910260993246169, 0.7698336750110771)",4.094226025065881,mediumseagreen
2023-06-28 15:05:58,,,103.0,,,,,,,,,,,,,,,,,,,,,,,,,,,,,,,,,,,,,,0,103.0,103.0,582.5242718446602,"(3.910260993246169, 0.7698336750110771)",4.094226025065881,mediumseagreen
2023-06-28 15:05:59,,,103.0,,,,,,,,,,,,,,,,,,,,,,,,,,,,,,,,,,,,,,0,103.0,103.0,582.5242718446602,"(3.910260993246169, 0.7698336750110771)",4.094226025065881,mediumseagreen
2023-06-28 15:06:00,,,103.0,,,,,,,,,,,,,,,,,,,,,,,,,,,,,,,,,,,,,,0,103.0,103.0,582.5242718446602,"(3.910260993246169, 0.7698336750110771)",4.094226025065881,mediumseagreen
2023-06-28 15:06:01,,,103.0,,,,,,,,,,,,,,,,,,,,,,,,,,,,,,,,,,,,,,0,103.0,103.0,582.5242718446602,"(3.910260993246169, 0.7698336750110771)",4.094226025065881,mediumseagreen
2023-06-28 15:06:02,,,103.0,,,,,,,,,,,,,,,,,,,,,,,,,,,,,,,,,,,,,,0,103.0,103.0,582.5242718446602,"(3.910260993246169, 0.7698336750110771)",4.094226025065881,mediumseagreen
2023-06-28 15:06:03,,,104.0,,,,,,,,,,,,,,,,,,,,,,,,,,,,,,,,,,,,,,0,104.0,104.0,576.9230769230769,"(3.910260993246169, 0.7698336750110771)",4.094226025065881,mediumseagreen
2023-06-28 15:06:04,,,104.0,,,,,,,,,,,,,,,,,,,,,,,,,,,,,,,,,,,,,,0,104.0,104.0,576.9230769230769,"(3.910260993246169, 0.7698336750110771)",4.094226025065881,mediumseagreen
2023-06-28 15:06:05,,,104.0,,,,,,,,,,,,,,,,,,,,,,,,,,,,,,,,,,,,,,0,104.0,104.0,576.9230769230769,"(3.910260993246169, 0.7698336750110771)",4.094226025065881,mediumseagreen
2023-06-28 15:06:06,,,104.0,,,,,,,,,,,,,,,,,,,,,,,,,,,,,,,,,,,,,,0,104.0,104.0,576.9230769230769,"(3.910260993246169, 0.7698336750110771)",4.094226025065881,mediumseagreen
2023-06-28 15:06:07,,,105.0,,,,,,,,,,,,,,,,,,,,,,,,,,,,,,,,,,,,,,0,105.0,105.0,571.4285714285714,"(3.910260993246169, 0.7698336750110771)",4.094226025065881,mediumseagreen
2023-06-28 15:06:08,,,106.0,,,,,,,,,,,,,,,,,,,,,,,,,,,,,,,,,,,,,,0,106.0,106.0,566.0377358490566,"(3.910260993246169, 0.7698336750110771)",4.094226025065881,mediumseagreen
2023-06-28 15:06:09,,,107.0,,,,,,,,,,,,,,,,,,,,,,,,,,,,,,,,,,,,,,0,107.0,107.0,560.7476635514018,"(3.910260993246169, 0.7698336750110771)",4.094226025065881,mediumseagreen
2023-06-28 15:06:10,,,108.0,,,,,,,,,,,,,,,,,,,,,,,,,,,,,,,,,,,,,,0,108.0,108.0,555.5555555555555,"(3.910260993246169, 0.7698336750110771)",4.094226025065881,mediumseagreen
2023-06-28 15:06:11,,,108.0,,,,,,,,,,,,,,,,,,,,,,,,,,,,,,,,,,,,,,0,108.0,108.0,555.5555555555555,"(3.910260993246169, 0.7698336750110771)",4.094226025065881,mediumseagreen
2023-06-28 15:06:12,,,108.0,,,,,,,,,,,,,,,,,,,,,,,,,,,,,,,,,,,,,,0,108.0,108.0,555.5555555555555,"(3.910260993246169, 0.7698336750110771)",4.094226025065881,mediumseagreen
2023-06-28 15:06:13,,,108.0,,,,,,,,,,,,,,,,,,,,,,,,,,,,,,,,,,,,,,0,108.0,108.0,555.5555555555555,"(3.910260993246169, 0.7698336750110771)",4.094226025065881,mediumseagreen
2023-06-28 15:06:14,,,108.0,,,,,,,,,,,,,,,,,,,,,,,,,,,,,,,,,,,,,,0,108.0,108.0,555.5555555555555,"(3.910260993246169, 0.7698336750110771)",4.094226025065881,mediumseagreen
2023-06-28 15:06:15,,,108.0,,,,,,,,,,,,,,,,,,,,,,,,,,,,,,,,,,,,,,0,108.0,108.0,555.5555555555555,"(3.910260993246169, 0.7698336750110771)",3.8688689461584302,mediumseagreen
2023-06-28 15:06:16,,,107.0,,,,,,,,,,,,,,,,,,,,,,,,,,,,,,,,,,,,,,0,107.0,107.0,560.7476635514018,"(3.910260993246169, 0.7698336750110771)",3.8688689461584302,mediumseagreen
2023-06-28 15:06:17,,,106.0,,,,,,,,,,,,,,,,,,,,,,,,,,,,,,,,,,,,,,0,106.0,106.0,566.0377358490566,"(3.910260993246169, 0.7698336750110771)",3.8688689461584302,mediumseagreen
2023-06-28 15:06:18,,,106.0,,,,,,,,,,,,,,,,,,,,,,,,,,,,,,,,,,,,,,0,106.0,106.0,566.0377358490566,"(3.910260993246169, 0.7698336750110771)",3.8688689461584302,mediumseagreen
2023-06-28 15:06:19,,,106.0,,,,,,,,,,,,,,,,,,,,,,,,,,,,,,,,,,,,,,0,106.0,106.0,566.0377358490566,"(3.910260993246169, 0.7698336750110771)",3.8688689461584302,mediumseagreen
2023-06-28 15:06:20,,,106.0,,,,,,,,,,,,,,,,,,,,,,,,,,,,,,,,,,,,,,0,106.0,106.0,566.0377358490566,"(3.910260993246169, 0.7698336750110771)",3.8688689461584302,mediumseagreen
2023-06-28 15:06:21,,,106.0,,,,,,,,,,,,,,,,,,,,,,,,,,,,,,,,,,,,,,0,106.0,106.0,566.0377358490566,"(3.910260993246169, 0.7698336750110771)",3.8688689461584302,mediumseagreen
2023-06-28 15:06:22,,,106.0,,,,,,,,,,,,,,,,,,,,,,,,,,,,,,,,,,,,,,0,106.0,106.0,566.0377358490566,"(3.910260993246169, 0.7698336750110771)",3.8688689461584302,mediumseagreen
2023-06-28 15:06:23,,,106.0,,,,,,,,,,,,,,,,,,,,,,,,,,,,,,,,,,,,,,0,106.0,106.0,566.0377358490566,"(3.910260993246169, 0.7698336750110771)",3.8688689461584302,mediumseagreen
2023-06-28 15:06:24,,,105.0,,,,,,,,,,,,,,,,,,,,,,,,,,,,,,,,,,,,,,0,105.0,105.0,571.4285714285714,"(3.910260993246169, 0.7698336750110771)",3.8688689461584302,mediumseagreen
2023-06-28 15:06:25,,,105.0,,,,,,,,,,,,,,,,,,,,,,,,,,,,,,,,,,,,,,0,105.0,105.0,571.4285714285714,"(3.910260993246169, 0.7698336750110771)",3.8688689461584302,mediumseagreen
2023-06-28 15:06:26,,,106.0,,,,,,,,,,,,,,,,,,,,,,,,,,,,,,,,,,,,,,0,106.0,106.0,566.0377358490566,"(3.910260993246169, 0.7698336750110771)",3.8688689461584302,mediumseagreen
2023-06-28 15:06:27,,,107.0,,,,,,,,,,,,,,,,,,,,,,,,,,,,,,,,,,,,,,0,107.0,107.0,560.7476635514018,"(3.910260993246169, 0.7698336750110771)",3.8688689461584302,mediumseagreen
2023-06-28 15:06:28,,,107.0,,,,,,,,,,,,,,,,,,,,,,,,,,,,,,,,,,,,,,0,107.0,107.0,560.7476635514018,"(3.910260993246169, 0.7698336750110771)",3.8688689461584302,mediumseagreen
2023-06-28 15:06:29,,,108.0,,,,,,,,,,,,,,,,,,,,,,,,,,,,,,,,,,,,,,0,108.0,108.0,555.5555555555555,"(3.910260993246169, 0.7698336750110771)",3.8688689461584302,mediumseagreen
2023-06-28 15:06:30,,,109.0,,,,,,,,,,,,,,,,,,,,,,,,,,,,,,,,,,,,,,0,109.0,109.0,550.4587155963303,"(3.910260993246169, 0.7698336750110771)",3.8688689461584302,mediumseagreen
2023-06-28 15:06:31,,,110.0,,,,,,,,,,,,,,,,,,,,,,,,,,,,,,,,,,,,,,0,110.0,110.0,545.4545454545455,"(3.910260993246169, 0.7698336750110771)",3.8688689461584302,mediumseagreen
2023-06-28 15:06:32,,,111.0,,,,,,,,,,,,,,,,,,,,,,,,,,,,,,,,,,,,,,0,111.0,111.0,540.5405405405405,"(3.910260993246169, 0.7698336750110771)",3.8688689461584302,mediumseagreen
2023-06-28 15:06:33,,,110.0,,,,,,,,,,,,,,,,,,,,,,,,,,,,,,,,,,,,,,0,110.0,110.0,545.4545454545455,"(3.910260993246169, 0.7698336750110771)",3.8688689461584302,mediumseagreen
2023-06-28 15:06:34,,,110.0,,,,,,,,,,,,,,,,,,,,,,,,,,,,,,,,,,,,,,0,110.0,110.0,545.4545454545455,"(3.910260993246169, 0.7698336750110771)",3.8688689461584302,mediumseagreen
2023-06-28 15:06:35,,,109.0,,,,,,,,,,,,,,,,,,,,,,,,,,,,,,,,,,,,,,0,109.0,109.0,550.4587155963303,"(3.910260993246169, 0.7698336750110771)",3.8688689461584302,mediumseagreen
2023-06-28 15:06:36,,,109.0,,,,,,,,,,,,,,,,,,,,,,,,,,,,,,,,,,,,,,0,109.0,109.0,550.4587155963303,"(3.910260993246169, 0.7698336750110771)",3.8688689461584302,mediumseagreen
2023-06-28 15:06:37,,,109.0,,,,,,,,,,,,,,,,,,,,,,,,,,,,,,,,,,,,,,0,109.0,109.0,550.4587155963303,"(3.910260993246169, 0.7698336750110771)",3.8688689461584302,mediumseagreen
2023-06-28 15:06:38,,,109.0,,,,,,,,,,,,,,,,,,,,,,,,,,,,,,,,,,,,,,0,109.0,109.0,550.4587155963303,"(3.910260993246169, 0.7698336750110771)",3.8688689461584302,mediumseagreen
2023-06-28 15:06:39,,,108.0,,,,,,,,,,,,,,,,,,,,,,,,,,,,,,,,,,,,,,0,108.0,108.0,555.5555555555555,"(3.910260993246169, 0.7698336750110771)",3.8688689461584302,mediumseagreen
2023-06-28 15:06:40,,,107.0,,,,,,,,,,,,,,,,,,,,,,,,,,,,,,,,,,,,,,0,107.0,107.0,560.7476635514018,"(3.910260993246169, 0.7698336750110771)",3.8688689461584302,mediumseagreen
2023-06-28 15:06:41,,,106.0,,,,,,,,,,,,,,,,,,,,,,,,,,,,,,,,,,,,,,0,106.0,106.0,566.0377358490566,"(3.910260993246169, 0.7698336750110771)",3.8688689461584302,mediumseagreen
2023-06-28 15:06:42,,,104.0,,,,,,,,,,,,,,,,,,,,,,,,,,,,,,,,,,,,,,0,104.0,104.0,576.9230769230769,"(3.910260993246169, 0.7698336750110771)",3.8688689461584302,mediumseagreen
2023-06-28 15:06:43,,,103.0,,,,,,,,,,,,,,,,,,,,,,,,,,,,,,,,,,,,,,0,103.0,103.0,582.5242718446602,"(3.910260993246169, 0.7698336750110771)",3.8688689461584302,mediumseagreen
2023-06-28 15:06:44,,,103.0,,,,,,,,,,,,,,,,,,,,,,,,,,,,,,,,,,,,,,0,103.0,103.0,582.5242718446602,"(3.910260993246169, 0.7698336750110771)",3.8688689461584302,mediumseagreen
2023-06-28 15:06:45,,,103.0,,,,,,,,,,,,,,,,,,,,,,,,,,,,,,,,,,,,,,0,103.0,103.0,582.5242718446602,"(3.910260993246169, 0.7698336750110771)",3.7468788826834167,mediumseagreen
2023-06-28 15:06:46,,,102.0,,,,,,,,,,,,,,,,,,,,,,,,,,,,,,,,,,,,,,0,102.0,102.0,588.2352941176471,"(3.910260993246169, 0.7698336750110771)",3.7468788826834167,mediumseagreen
2023-06-28 15:06:47,,,102.0,,,,,,,,,,,,,,,,,,,,,,,,,,,,,,,,,,,,,,0,102.0,102.0,588.2352941176471,"(3.910260993246169, 0.7698336750110771)",3.7468788826834167,mediumseagreen
2023-06-28 15:06:48,,,103.0,,,,,,,,,,,,,,,,,,,,,,,,,,,,,,,,,,,,,,0,103.0,103.0,582.5242718446602,"(3.910260993246169, 0.7698336750110771)",3.7468788826834167,mediumseagreen
2023-06-28 15:06:49,,,103.0,,,,,,,,,,,,,,,,,,,,,,,,,,,,,,,,,,,,,,0,103.0,103.0,582.5242718446602,"(3.910260993246169, 0.7698336750110771)",3.7468788826834167,mediumseagreen
2023-06-28 15:06:50,,,104.0,,,,,,,,,,,,,,,,,,,,,,,,,,,,,,,,,,,,,,0,104.0,104.0,576.9230769230769,"(3.910260993246169, 0.7698336750110771)",3.7468788826834167,mediumseagreen
2023-06-28 15:06:51,,,105.0,,,,,,,,,,,,,,,,,,,,,,,,,,,,,,,,,,,,,,0,105.0,105.0,571.4285714285714,"(3.910260993246169, 0.7698336750110771)",3.7468788826834167,mediumseagreen
2023-06-28 15:06:52,,,105.0,,,,,,,,,,,,,,,,,,,,,,,,,,,,,,,,,,,,,,0,105.0,105.0,571.4285714285714,"(3.910260993246169, 0.7698336750110771)",3.7468788826834167,mediumseagreen
2023-06-28 15:06:53,,,105.0,,,,,,,,,,,,,,,,,,,,,,,,,,,,,,,,,,,,,,0,105.0,105.0,571.4285714285714,"(3.910260993246169, 0.7698336750110771)",3.7468788826834167,mediumseagreen
2023-06-28 15:06:54,,,105.0,,,,,,,,,,,,,,,,,,,,,,,,,,,,,,,,,,,,,,0,105.0,105.0,571.4285714285714,"(3.910260993246169, 0.7698336750110771)",3.7468788826834167,mediumseagreen
2023-06-28 15:06:55,,,106.0,,,,,,,,,,,,,,,,,,,,,,,,,,,,,,,,,,,,,,0,106.0,106.0,566.0377358490566,"(3.910260993246169, 0.7698336750110771)",3.7468788826834167,mediumseagreen
2023-06-28 15:06:56,,,106.0,,,,,,,,,,,,,,,,,,,,,,,,,,,,,,,,,,,,,,0,106.0,106.0,566.0377358490566,"(3.910260993246169, 0.7698336750110771)",3.7468788826834167,mediumseagreen
2023-06-28 15:06:57,,,106.0,,,,,,,,,,,,,,,,,,,,,,,,,,,,,,,,,,,,,,0,106.0,106.0,566.0377358490566,"(3.910260993246169, 0.7698336750110771)",3.7468788826834167,mediumseagreen
2023-06-28 15:06:58,,,105.0,,,,,,,,,,,,,,,,,,,,,,,,,,,,,,,,,,,,,,0,105.0,105.0,571.4285714285714,"(3.910260993246169, 0.7698336750110771)",3.7468788826834167,mediumseagreen
2023-06-28 15:06:59,,,104.0,,,,,,,,,,,,,,,,,,,,,,,,,,,,,,,,,,,,,,0,104.0,104.0,576.9230769230769,"(3.910260993246169, 0.7698336750110771)",3.7468788826834167,mediumseagreen
2023-06-28 15:07:00,,,104.0,,,,,,,,,,,,,,,,,,,,,,,,,,,,,,,,,,,,,,0,104.0,104.0,576.9230769230769,"(3.910260993246169, 0.7698336750110771)",3.7468788826834167,mediumseagreen
2023-06-28 15:07:01,,,103.0,,,,,,,,,,,,,,,,,,,,,,,,,,,,,,,,,,,,,,0,103.0,103.0,582.5242718446602,"(3.910260993246169, 0.7698336750110771)",3.7468788826834167,mediumseagreen
2023-06-28 15:07:02,,,103.0,,,,,,,,,,,,,,,,,,,,,,,,,,,,,,,,,,,,,,0,103.0,103.0,582.5242718446602,"(3.910260993246169, 0.7698336750110771)",3.7468788826834167,mediumseagreen
2023-06-28 15:07:03,,,104.0,,,,,,,,,,,,,,,,,,,,,,,,,,,,,,,,,,,,,,0,104.0,104.0,576.9230769230769,"(3.910260993246169, 0.7698336750110771)",3.7468788826834167,mediumseagreen
2023-06-28 15:07:04,,,104.0,,,,,,,,,,,,,,,,,,,,,,,,,,,,,,,,,,,,,,0,104.0,104.0,576.9230769230769,"(3.910260993246169, 0.7698336750110771)",3.7468788826834167,mediumseagreen
2023-06-28 15:07:05,,,104.0,,,,,,,,,,,,,,,,,,,,,,,,,,,,,,,,,,,,,,0,104.0,104.0,576.9230769230769,"(3.910260993246169, 0.7698336750110771)",3.7468788826834167,mediumseagreen
2023-06-28 15:07:06,,,104.0,,,,,,,,,,,,,,,,,,,,,,,,,,,,,,,,,,,,,,0,104.0,104.0,576.9230769230769,"(3.910260993246169, 0.7698336750110771)",3.7468788826834167,mediumseagreen
2023-06-28 15:07:07,,,104.0,,,,,,,,,,,,,,,,,,,,,,,,,,,,,,,,,,,,,,0,104.0,104.0,576.9230769230769,"(3.910260993246169, 0.7698336750110771)",3.7468788826834167,mediumseagreen
2023-06-28 15:07:08,,,103.0,,,,,,,,,,,,,,,,,,,,,,,,,,,,,,,,,,,,,,0,103.0,103.0,582.5242718446602,"(3.910260993246169, 0.7698336750110771)",3.7468788826834167,mediumseagreen
2023-06-28 15:07:09,,,103.0,,,,,,,,,,,,,,,,,,,,,,,,,,,,,,,,,,,,,,0,103.0,103.0,582.5242718446602,"(3.910260993246169, 0.7698336750110771)",3.7468788826834167,mediumseagreen
2023-06-28 15:07:10,,,103.0,,,,,,,,,,,,,,,,,,,,,,,,,,,,,,,,,,,,,,0,103.0,103.0,582.5242718446602,"(3.910260993246169, 0.7698336750110771)",3.7468788826834167,mediumseagreen
2023-06-28 15:07:11,,,103.0,,,,,,,,,,,,,,,,,,,,,,,,,,,,,,,,,,,,,,0,103.0,103.0,582.5242718446602,"(3.910260993246169, 0.7698336750110771)",3.7468788826834167,mediumseagreen
2023-06-28 15:07:12,,,103.0,,,,,,,,,,,,,,,,,,,,,,,,,,,,,,,,,,,,,,0,103.0,103.0,582.5242718446602,"(3.910260993246169, 0.7698336750110771)",3.7468788826834167,mediumseagreen
2023-06-28 15:07:13,,,104.0,,,,,,,,,,,,,,,,,,,,,,,,,,,,,,,,,,,,,,0,104.0,104.0,576.9230769230769,"(3.910260993246169, 0.7698336750110771)",3.7468788826834167,mediumseagreen
2023-06-28 15:07:14,,,105.0,,,,,,,,,,,,,,,,,,,,,,,,,,,,,,,,,,,,,,0,105.0,105.0,571.4285714285714,"(3.910260993246169, 0.7698336750110771)",3.7468788826834167,mediumseagreen
2023-06-28 15:07:15,,,105.0,,,,,,,,,,,,,,,,,,,,,,,,,,,,,,,,,,,,,,0,105.0,105.0,571.4285714285714,"(3.910260993246169, 0.7698336750110771)",3.6012657622192097,mediumseagreen
2023-06-28 15:07:16,,,106.0,,,,,,,,,,,,,,,,,,,,,,,,,,,,,,,,,,,,,,0,106.0,106.0,566.0377358490566,"(3.910260993246169, 0.7698336750110771)",3.6012657622192097,mediumseagreen
2023-06-28 15:07:17,,,106.0,,,,,,,,,,,,,,,,,,,,,,,,,,,,,,,,,,,,,,0,106.0,106.0,566.0377358490566,"(3.910260993246169, 0.7698336750110771)",3.6012657622192097,mediumseagreen
2023-06-28 15:07:18,,,106.0,,,,,,,,,,,,,,,,,,,,,,,,,,,,,,,,,,,,,,0,106.0,106.0,566.0377358490566,"(3.910260993246169, 0.7698336750110771)",3.6012657622192097,mediumseagreen
2023-06-28 15:07:19,,,106.0,,,,,,,,,,,,,,,,,,,,,,,,,,,,,,,,,,,,,,0,106.0,106.0,566.0377358490566,"(3.910260993246169, 0.7698336750110771)",3.6012657622192097,mediumseagreen
2023-06-28 15:07:20,,,106.0,,,,,,,,,,,,,,,,,,,,,,,,,,,,,,,,,,,,,,0,106.0,106.0,566.0377358490566,"(3.910260993246169, 0.7698336750110771)",3.6012657622192097,mediumseagreen
2023-06-28 15:07:21,,,107.0,,,,,,,,,,,,,,,,,,,,,,,,,,,,,,,,,,,,,,0,107.0,107.0,560.7476635514018,"(3.910260993246169, 0.7698336750110771)",3.6012657622192097,mediumseagreen
2023-06-28 15:07:22,,,107.0,,,,,,,,,,,,,,,,,,,,,,,,,,,,,,,,,,,,,,0,107.0,107.0,560.7476635514018,"(3.910260993246169, 0.7698336750110771)",3.6012657622192097,mediumseagreen
2023-06-28 15:07:23,,,108.0,,,,,,,,,,,,,,,,,,,,,,,,,,,,,,,,,,,,,,0,108.0,108.0,555.5555555555555,"(3.910260993246169, 0.7698336750110771)",3.6012657622192097,mediumseagreen
2023-06-28 15:07:24,,,109.0,,,,,,,,,,,,,,,,,,,,,,,,,,,,,,,,,,,,,,0,109.0,109.0,550.4587155963303,"(3.910260993246169, 0.7698336750110771)",3.6012657622192097,mediumseagreen
2023-06-28 15:07:25,,,110.0,,,,,,,,,,,,,,,,,,,,,,,,,,,,,,,,,,,,,,0,110.0,110.0,545.4545454545455,"(3.910260993246169, 0.7698336750110771)",3.6012657622192097,mediumseagreen
2023-06-28 15:07:26,,,110.0,,,,,,,,,,,,,,,,,,,,,,,,,,,,,,,,,,,,,,0,110.0,110.0,545.4545454545455,"(3.910260993246169, 0.7698336750110771)",3.6012657622192097,mediumseagreen
2023-06-28 15:07:27,,,110.0,,,,,,,,,,,,,,,,,,,,,,,,,,,,,,,,,,,,,,0,110.0,110.0,545.4545454545455,"(3.910260993246169, 0.7698336750110771)",3.6012657622192097,mediumseagreen
2023-06-28 15:07:28,,,110.0,,,,,,,,,,,,,,,,,,,,,,,,,,,,,,,,,,,,,,0,110.0,110.0,545.4545454545455,"(3.910260993246169, 0.7698336750110771)",3.6012657622192097,mediumseagreen
2023-06-28 15:07:29,,,110.0,,,,,,,,,,,,,,,,,,,,,,,,,,,,,,,,,,,,,,0,110.0,110.0,545.4545454545455,"(3.910260993246169, 0.7698336750110771)",3.6012657622192097,mediumseagreen
2023-06-28 15:07:30,,,109.0,,,,,,,,,,,,,,,,,,,,,,,,,,,,,,,,,,,,,,0,109.0,109.0,550.4587155963303,"(3.910260993246169, 0.7698336750110771)",3.6012657622192097,mediumseagreen
2023-06-28 15:07:31,,,108.0,,,,,,,,,,,,,,,,,,,,,,,,,,,,,,,,,,,,,,0,108.0,108.0,555.5555555555555,"(3.910260993246169, 0.7698336750110771)",3.6012657622192097,mediumseagreen
2023-06-28 15:07:32,,,108.0,,,,,,,,,,,,,,,,,,,,,,,,,,,,,,,,,,,,,,0,108.0,108.0,555.5555555555555,"(3.910260993246169, 0.7698336750110771)",3.6012657622192097,mediumseagreen
2023-06-28 15:07:33,,,107.0,,,,,,,,,,,,,,,,,,,,,,,,,,,,,,,,,,,,,,0,107.0,107.0,560.7476635514018,"(3.910260993246169, 0.7698336750110771)",3.6012657622192097,mediumseagreen
2023-06-28 15:07:34,,,107.0,,,,,,,,,,,,,,,,,,,,,,,,,,,,,,,,,,,,,,0,107.0,107.0,560.7476635514018,"(3.910260993246169, 0.7698336750110771)",3.6012657622192097,mediumseagreen
2023-06-28 15:07:35,,,106.0,,,,,,,,,,,,,,,,,,,,,,,,,,,,,,,,,,,,,,0,106.0,106.0,566.0377358490566,"(3.910260993246169, 0.7698336750110771)",3.6012657622192097,mediumseagreen
2023-06-28 15:07:36,,,106.0,,,,,,,,,,,,,,,,,,,,,,,,,,,,,,,,,,,,,,0,106.0,106.0,566.0377358490566,"(3.910260993246169, 0.7698336750110771)",3.6012657622192097,mediumseagreen
2023-06-28 15:07:37,,,107.0,,,,,,,,,,,,,,,,,,,,,,,,,,,,,,,,,,,,,,0,107.0,107.0,560.7476635514018,"(3.910260993246169, 0.7698336750110771)",3.6012657622192097,mediumseagreen
2023-06-28 15:07:38,,,108.0,,,,,,,,,,,,,,,,,,,,,,,,,,,,,,,,,,,,,,0,108.0,108.0,555.5555555555555,"(3.910260993246169, 0.7698336750110771)",3.6012657622192097,mediumseagreen
2023-06-28 15:07:39,,,108.0,,,,,,,,,,,,,,,,,,,,,,,,,,,,,,,,,,,,,,0,108.0,108.0,555.5555555555555,"(3.910260993246169, 0.7698336750110771)",3.6012657622192097,mediumseagreen
2023-06-28 15:07:40,,,109.0,,,,,,,,,,,,,,,,,,,,,,,,,,,,,,,,,,,,,,0,109.0,109.0,550.4587155963303,"(3.910260993246169, 0.7698336750110771)",3.6012657622192097,mediumseagreen
2023-06-28 15:07:41,,,110.0,,,,,,,,,,,,,,,,,,,,,,,,,,,,,,,,,,,,,,0,110.0,110.0,545.4545454545455,"(3.910260993246169, 0.7698336750110771)",3.6012657622192097,mediumseagreen
2023-06-28 15:07:42,,,111.0,,,,,,,,,,,,,,,,,,,,,,,,,,,,,,,,,,,,,,0,111.0,111.0,540.5405405405405,"(3.910260993246169, 0.7698336750110771)",3.6012657622192097,mediumseagreen
2023-06-28 15:07:43,,,112.0,,,,,,,,,,,,,,,,,,,,,,,,,,,,,,,,,,,,,,0,112.0,112.0,535.7142857142857,"(3.910260993246169, 0.7698336750110771)",3.6012657622192097,mediumseagreen
2023-06-28 15:07:44,,,112.0,,,,,,,,,,,,,,,,,,,,,,,,,,,,,,,,,,,,,,0,112.0,112.0,535.7142857142857,"(3.910260993246169, 0.7698336750110771)",3.6012657622192097,mediumseagreen
2023-06-28 15:07:45,,,114.0,,,,,,,,,,,,,,,,,,,,,,,,,,,,,,,,,,,,,,0,114.0,114.0,526.3157894736842,"(3.910260993246169, 0.7698336750110771)",,silver
2023-06-28 15:07:46,,,115.0,,,,,,,,,,,,,,,,,,,,,,,,,,,,,,,,,,,,,,0,115.0,115.0,521.7391304347826,"(3.910260993246169, 0.7698336750110771)",,silver
2023-06-28 15:07:47,,,116.0,,,,,,,,,,,,,,,,,,,,,,,,,,,,,,,,,,,,,,0,116.0,116.0,517.2413793103449,"(3.910260993246169, 0.7698336750110771)",,silver
2023-06-28 15:07:48,,,116.0,,,,,,,,,,,,,,,,,,,,,,,,,,,,,,,,,,,,,,0,116.0,116.0,517.2413793103449,"(3.910260993246169, 0.7698336750110771)",,silver
2023-06-28 15:07:49,,,116.0,,,,,,,,,,,,,,,,,,,,,,,,,,,,,,,,,,,,,,0,116.0,116.0,517.2413793103449,"(3.910260993246169, 0.7698336750110771)",,silver
2023-06-28 15:07:50,,,116.0,,,,,,,,,,,,,,,,,,,,,,,,,,,,,,,,,,,,,,0,116.0,116.0,517.2413793103449,"(3.910260993246169, 0.7698336750110771)",,silver
2023-06-28 15:07:51,,,116.0,,,,,,,,,,,,,,,,,,,,,,,,,,,,,,,,,,,,,,0,116.0,116.0,517.2413793103449,"(3.910260993246169, 0.7698336750110771)",,silver
2023-06-28 15:07:52,,,116.0,,,,,,,,,,,,,,,,,,,,,,,,,,,,,,,,,,,,,,0,116.0,116.0,517.2413793103449,"(3.910260993246169, 0.7698336750110771)",,silver
2023-06-28 15:07:53,,,116.0,,,,,,,,,,,,,,,,,,,,,,,,,,,,,,,,,,,,,,0,116.0,116.0,517.2413793103449,"(3.910260993246169, 0.7698336750110771)",,silver
2023-06-28 15:07:54,,,116.0,,,,,,,,,,,,,,,,,,,,,,,,,,,,,,,,,,,,,,0,116.0,116.0,517.2413793103449,"(3.910260993246169, 0.7698336750110771)",,silver
2023-06-28 15:07:55,,,116.0,,,,,,,,,,,,,,,,,,,,,,,,,,,,,,,,,,,,,,0,116.0,116.0,517.2413793103449,"(3.910260993246169, 0.7698336750110771)",,silver
2023-06-28 15:07:56,,,116.0,,,,,,,,,,,,,,,,,,,,,,,,,,,,,,,,,,,,,,0,116.0,116.0,517.2413793103449,"(3.910260993246169, 0.7698336750110771)",,silver
2023-06-28 15:07:57,,,115.0,,,,,,,,,,,,,,,,,,,,,,,,,,,,,,,,,,,,,,0,115.0,115.0,521.7391304347826,"(3.910260993246169, 0.7698336750110771)",,silver
2023-06-28 15:07:58,,,114.0,,,,,,,,,,,,,,,,,,,,,,,,,,,,,,,,,,,,,,0,114.0,114.0,526.3157894736842,"(3.910260993246169, 0.7698336750110771)",,silver
2023-06-28 15:07:59,,,113.0,,,,,,,,,,,,,,,,,,,,,,,,,,,,,,,,,,,,,,0,113.0,113.0,530.9734513274336,"(3.910260993246169, 0.7698336750110771)",,silver
2023-06-28 15:08:00,,,113.0,,,,,,,,,,,,,,,,,,,,,,,,,,,,,,,,,,,,,,0,113.0,113.0,530.9734513274336,"(3.910260993246169, 0.7698336750110771)",,silver
2023-06-28 15:08:01,,,112.0,,,,,,,,,,,,,,,,,,,,,,,,,,,,,,,,,,,,,,0,112.0,112.0,535.7142857142857,"(3.910260993246169, 0.7698336750110771)",,silver
2023-06-28 15:08:02,,,110.0,,,,,,,,,,,,,,,,,,,,,,,,,,,,,,,,,,,,,,0,110.0,110.0,545.4545454545455,"(3.910260993246169, 0.7698336750110771)",,silver
2023-06-28 15:08:03,,,109.0,,,,,,,,,,,,,,,,,,,,,,,,,,,,,,,,,,,,,,0,109.0,109.0,550.4587155963303,"(3.910260993246169, 0.7698336750110771)",,silver
2023-06-28 15:08:04,,,107.0,,,,,,,,,,,,,,,,,,,,,,,,,,,,,,,,,,,,,,0,107.0,107.0,560.7476635514018,"(3.910260993246169, 0.7698336750110771)",,silver
2023-06-28 15:08:05,,,104.0,,,,,,,,,,,,,,,,,,,,,,,,,,,,,,,,,,,,,,0,104.0,104.0,576.9230769230769,"(3.910260993246169, 0.7698336750110771)",,silver
2023-06-28 15:08:06,,,101.0,,,,,,,,,,,,,,,,,,,,,,,,,,,,,,,,,,,,,,0,101.0,101.0,594.059405940594,"(3.910260993246169, 0.7698336750110771)",,silver
2023-06-28 15:08:07,,,99.0,,,,,,,,,,,,,,,,,,,,,,,,,,,,,,,,,,,,,,0,99.0,99.0,606.060606060606,"(3.910260993246169, 0.7698336750110771)",,silver
2023-06-28 15:08:08,,,99.0,,,,,,,,,,,,,,,,,,,,,,,,,,,,,,,,,,,,,,0,99.0,99.0,606.060606060606,"(3.910260993246169, 0.7698336750110771)",,silver
2023-06-28 15:08:09,,,99.0,,,,,,,,,,,,,,,,,,,,,,,,,,,,,,,,,,,,,,0,99.0,99.0,606.060606060606,"(3.910260993246169, 0.7698336750110771)",,silver
2023-06-28 15:08:10,,,98.0,,,,,,,,,,,,,,,,,,,,,,,,,,,,,,,,,,,,,,0,98.0,98.0,612.2448979591836,"(3.910260993246169, 0.7698336750110771)",,silver
